Agency,Local Code,County,Township,City,Vehicles Involved,Trailers Involved,Number Injured,Number Dead,Number Deer,House Number,Roadway Name,Roadway Suffix,Roadway Number,Roadway Interchange,Roadway Ramp,Roadway Id,Intersecting Road,Intersecting Road Number,Mile Marker,Interchange,Corporate Limits?,Property Type,Feet From,Direction,Latitude,Longitude,Roadway Class,Traffic Control Devices?,Aggressive Driving?,Hit and Run?,Locality,School Zone?,Rumble Strips?,Construction?,Construction Type,Light Condition,Weather Conditions,Surface Condition,Type of Median,Roadway Junction Type,Road Character,Roadway Surface,Primary Factor,Damage Estimate,Manner of Collision,Unique Location Id,State Property Damage?,Traffic Control,DateTime,Address Number
INDIANA UNIV BLOOMINGTON PD,170760,MONROE,BLOOMINGTON,BLOOMINGTON,1,0.0,0.0,0.0,0.0,,10TH,ST,,,,10TH,EAGLESON AVE,,,,Y,,,,39.171552,-86.515728,LOCAL/CITY RD,Y,N,N,URBAN,N,N,N,,DARK (LIGHTED),RAIN,WET,,FOUR-WAY INTERSECTION,STRAIGHT/LEVEL,ASPHALT,FAILURE TO YIELD RIGHT OF WAY,UNDER $1001,LEFT TURN,10THSTEAGLESON AVEAVE,1,TRAFFIC CONTROL SIGNAL,2017-03-27 20:50:00,
MONROE SD,M17A7872,MONROE,PERRY,BLOOMINGTON,1,0.0,1.0,0.0,0.0,,S ST RD 37,HWY,,,,S ST RD 37,W CHUCH LN,,,,N,OTHER,360.0,N,39.14527226,-86.53149,LOCAL/CITY RD,,N,Y,RURAL,N,N,N,,DAYLIGHT,CLEAR,DRY,NONE,NO JUNCTION INVOLVED,STRAIGHT/LEVEL,ASPHALT,RAN OFF RD RIGHT,UNDER $1001,RAN OFF RD,SOLDSTATERD37HWYWCHUCHLNHWY,1,NONE,2017-04-10 07:00:00,
BLOOMINGTON PD,B1714364,MONROE,BLOOMINGTON,BLOOMINGTON,1,0.0,1.0,0.0,0.0,,W 3RD,ST,,,,W 3RD,S JACKSON,,,,Y,,,,39.164752,-86.53984,LOCAL/CITY RD,,N,N,URBAN,N,N,N,,DAYLIGHT,CLOUDY,DRY,,NO JUNCTION INVOLVED,STRAIGHT/GRADE,ASPHALT,IMPROPER PASSING,$5001 TO $10000,SAME DIRECTION SIDESWIPE,SJACKSONSTW 3RDST,1,NONE,2017-04-17 17:13:00,
INDIANA UNIV BLOOMINGTON PD,171299,MONROE,BLOOMINGTON,BLOOMINGTON,1,0.0,1.0,0.0,0.0,,INDIANA,AVE,,,,INDIANA,KIRKWOOD,,,,Y,,,,39.16664,-86.526896,LOCAL/CITY RD,,N,N,URBAN,N,N,N,,DAYLIGHT,CLEAR,DRY,,T-INTERSECTION,STRAIGHT/LEVEL,ASPHALT,FAILURE TO YIELD RIGHT OF WAY,UNDER $1001,OTHER - EXPLAIN IN NARRATIVE,INDIANAAVEKIRKWOODAVE,1,STOP SIGN,2017-05-31 12:04:00,
BLOOMINGTON PD,B1727611,MONROE,BLOOMINGTON,BLOOMINGTON,2,0.0,0.0,0.0,0.0,,E 3RD,ST,,,,E 3RD,UNION,,,,Y,,,,39.164352,-86.5088,LOCAL/CITY RD,,N,N,URBAN,Y,N,N,,DAYLIGHT,CLEAR,DRY,,NO JUNCTION INVOLVED,STRAIGHT/LEVEL,ASPHALT,DRIVER DISTRACTED - EXPLAIN IN NARRATIVE,$1001 TO $2500,REAR END,EAST3RDSTUNIONST,0,NONE,2017-07-12 11:40:00,
BLOOMINGTON PD,B1729615,MONROE,PERRY,BLOOMINGTON,1,0.0,1.0,0.0,0.0,2121.0,AZALEA,LN,,,,AZALEA,,,,,Y,,,,39.1423,-86.52358,OTHER,,N,N,URBAN,N,N,N,,DARK (NOT LIGHTED),CLEAR,DRY,,NO JUNCTION INVOLVED,STRAIGHT/GRADE,CONCRETE,UNSAFE SPEED,UNDER $1001,COLLISION WITH OBJECT IN RD,AZALEALN,1,NONE,2017-07-25 22:11:00,
BLOOMINGTON PD,B1731974,MONROE,RICHLAND,BLOOMINGTON,1,0.0,1.0,0.0,0.0,100.0,N GATES,DR,,,,N GATES,,,,,Y,,,,39.16575761,-86.57594385,OTHER,,N,Y,URBAN,N,N,N,,DAYLIGHT,CLEAR,DRY,,NO JUNCTION INVOLVED,STRAIGHT/LEVEL,ASPHALT,FAILURE TO YIELD RIGHT OF WAY,UNDER $1001,BACKING CRASH,NGATESDR,1,NONE,2017-08-09 18:00:00,
BLOOMINGTON PD,B17-42941,MONROE,BLOOMINGTON,BLOOMINGTON,1,0.0,1.0,0.0,0.0,,,,ST RD 46E,,,ST RD 46E,N WALNUT,,,,Y,,50.0,E,39.18636696,-86.53422354,ST RD,Y,N,N,URBAN,N,N,N,,DARK (NOT LIGHTED),CLEAR,DRY,,FOUR-WAY INTERSECTION,STRAIGHT/LEVEL,ASPHALT,PEDESTRIAN ACTION,$2501 TO $5000,OTHER - EXPLAIN IN NARRATIVE,NWALNUTSTST RD 46E,1,TRAFFIC CONTROL SIGNAL,2017-10-18 20:59:00,
BLOOMINGTON PD,B1809707,MONROE,BLOOMINGTON,BLOOMINGTON,1,0.0,0.0,0.0,0.0,,MARLENE,DR,,,,MARLENE,KIMBLE,,,,Y,,,,39.166144,-86.568,LOCAL/CITY RD,,N,Y,URBAN,N,N,N,,DARK (NOT LIGHTED),CLEAR,DRY,,NO JUNCTION INVOLVED,STRAIGHT/LEVEL,ASPHALT,UNSAFE LN MOVEMENT,,OTHER - EXPLAIN IN NARRATIVE,KIMBLEDRMARLENEDR,1,NONE,2018-03-10 00:20:00,
BLOOMINGTON PD,B1814519,MONROE,PERRY,BLOOMINGTON,1,0.0,2.0,0.0,0.0,,COLLEGE,AVE,,,,COLLEGE,2ND,,,,Y,,202.0,S,39.16088524,-86.53485688,LOCAL/CITY RD,,N,N,URBAN,N,N,N,,DARK (LIGHTED),CLEAR,DRY,,NO JUNCTION INVOLVED,STRAIGHT/LEVEL,ASPHALT,PEDESTRIAN ACTION,$2501 TO $5000,OTHER - EXPLAIN IN NARRATIVE,2NDSTCOLLEGEAVE,2,LN CONTROL,2018-04-13 00:45:00,
BLOOMINGTON PD,B18-19284,MONROE,PERRY,BLOOMINGTON,1,0.0,1.0,0.0,0.0,,S WALNUT,ST,,,,S WALNUT,W COUNTRY CLUB,,,,Y,,150.0,S,39.12024988,-86.531055,LOCAL/CITY RD,,N,N,URBAN,N,N,N,,DAYLIGHT,CLEAR,DRY,,T-INTERSECTION,STRAIGHT/HILLCREST,ASPHALT,PEDESTRIAN ACTION,UNDER $1001,OTHER - EXPLAIN IN NARRATIVE,SWALNUTSTWCOUNTRYCLUBDR,1,STOP SIGN,2018-05-09 15:00:00,
INDIANA UNIV BLOOMINGTON PD,182178,MONROE,BLOOMINGTON,BLOOMINGTON,1,0.0,1.0,0.0,0.0,600.0,17TH,ST,,,,E 17TH,,,,,Y,,,,39.179024,-86.5272,OTHER,,Y,N,URBAN,N,N,N,,DARK (LIGHTED),CLEAR,DRY,,NO JUNCTION INVOLVED,NON-RDWAY CRASH,OTHER - EXPLAIN IN NARRATIVE,UNSAFE BACKING,UNDER $1001,BACKING CRASH,BLOCKE17THST,1,NONE,2018-09-22 20:08:00,
BLOOMINGTON PD,B18-36821,MONROE,BLOOMINGTON,BLOOMINGTON,1,0.0,0.0,0.0,0.0,,COLLEGE MALL,RD,,,,COLLEGE MALL,COLLEGE MALL,,,,Y,,,,39.16424,-86.4984,LOCAL/CITY RD,,N,N,URBAN,N,N,N,,DAWN/DUSK,RAIN,WATER (STANDING OR MOVING),,T-INTERSECTION,STRAIGHT/LEVEL,ASPHALT,OTHER (ENVIRONMENTAL) - EXPLAIN IN NARR,UNDER $1001,LEFT TURN,COLLEGEMALLRDCOLLEGEMALLXING,2,NONE,2018-09-08 16:00:00,
BLOOMINGTON PD,B1843336,MONROE,BLOOMINGTON,BLOOMINGTON,1,0.0,1.0,0.0,0.0,,INDIANA,AVE,,,,N INDIANA,SEVENTH,,,,Y,,,,39.16851,-86.52678,LOCAL/CITY RD,,N,N,URBAN,N,N,N,,DARK (LIGHTED),CLEAR,DRY,,FOUR-WAY INTERSECTION,STRAIGHT/LEVEL,ASPHALT,FAILURE TO YIELD RIGHT OF WAY,UNDER $1001,COLLISION WITH OBJECT IN RD,EASTSEVENTHSTNORTHINDIANAAVE,1,STOP SIGN,2018-10-20 22:19:00,
BLOOMINGTON PD,B1845050,MONROE,BLOOMINGTON,BLOOMINGTON,1,0.0,1.0,0.0,0.0,3620.0,W 3RD,ST,,,,W 3RD,,,,,Y,,,,39.16424,-86.48595093,OTHER,,N,N,URBAN,N,N,N,,DAYLIGHT,RAIN,WET,,T-INTERSECTION,STRAIGHT/LEVEL,ASPHALT,OTHER (DRIVER) - EXPLAIN IN NARRATIVE,UNDER $1001,LEFT TURN,W 3RDST,1,NONE,2018-11-01 10:02:00,
BLOOMINGTON PD,B18-47196,MONROE,PERRY,BLOOMINGTON,1,1.0,0.0,1.0,0.0,,S LINCOLN,ST,,,,S LINCOLN,E ALLEN,,,,Y,,100.0,S,39.15568,-86.531136,LOCAL/CITY RD,,N,N,URBAN,N,N,N,,DAYLIGHT,CLOUDY,LOOSE MATERIAL ON RD,,NO JUNCTION INVOLVED,STRAIGHT/GRADE,ASPHALT,ENGINE FAILURE OR DEFECTIVE,UNDER $1001,OTHER - EXPLAIN IN NARRATIVE,EALLENSTSLINCOLNST,0,STOP SIGN,2018-11-16 16:15:00,
INDIANA UNIV BLOOMINGTON PD,190517,MONROE,BLOOMINGTON,BLOOMINGTON,1,0.0,1.0,0.0,0.0,,17TH,ST,,,,E 17TH,WOODLAWN,,,,Y,,327.0,W,39.17899975,-86.52465789,LOCAL/CITY RD,,N,N,URBAN,N,N,N,,DARK (LIGHTED),CLEAR,DRY,,NO JUNCTION INVOLVED,STRAIGHT/HILLCREST,ASPHALT,FAILURE TO YIELD RIGHT OF WAY,$2501 TO $5000,RIGHT ANGLE,EAST17THSTWOODLAWNAVE,1,OTHER REGULATORY SIGN/MARKING,2019-02-26 19:58:00,
BLOOMINGTON PD,B1908476,MONROE,BLOOMINGTON,BLOOMINGTON,1,0.0,1.0,0.0,0.0,1825.0,N KINSER,PK,,,,N KINSER,,,,,Y,,,,39.222752,-86.550096,OTHER,,N,N,URBAN,N,N,N,,DAYLIGHT,CLOUDY,DRY,,NO JUNCTION INVOLVED,STRAIGHT/LEVEL,ASPHALT,UNSAFE BACKING,UNDER $1001,BACKING CRASH,NKINSERPK,1,NONE,2019-03-01 12:35:00,
INDIANA UNIV BLOOMINGTON PD,190584,MONROE,BLOOMINGTON,BLOOMINGTON,1,0.0,1.0,0.0,0.0,,7TH,ST,,,,E 7TH,EAGLESON AVE,,,,Y,,804.0,W,39.16875065,-86.51884189,LOCAL/CITY RD,,N,N,URBAN,N,N,N,,DAYLIGHT,CLEAR,DRY,,T-INTERSECTION,STRAIGHT/GRADE,ASPHALT,FAILURE TO YIELD RIGHT OF WAY,UNDER $1001,RIGHT ANGLE,E7THSTEAGLESON AVEAVE,1,NONE,2019-03-06 14:47:00,
BLOOMINGTON PD,B1944354,MONROE,BLOOMINGTON,BLOOMINGTON,1,0.0,1.0,0.0,0.0,,W 17TH,ST,,,,W 17TH,N JACKSON,,,,Y,,,,39.179024,-86.539616,LOCAL/CITY RD,,N,Y,URBAN,N,N,N,,DARK (LIGHTED),CLEAR,DRY,,FOUR-WAY INTERSECTION,STRAIGHT/GRADE,ASPHALT,DISREGARD SIGNAL/REG SIGN,UNDER $1001,RIGHT ANGLE,NORTHJACKSONSTWEST17THST,1,STOP SIGN,2019-10-19 21:30:00,
INDIANA UNIV BLOOMINGTON PD,192556,MONROE,BLOOMINGTON,BLOOMINGTON,1,0.0,1.0,0.0,0.0,,WOODLAWN,AVE,,,,WOODLAWN,17TH,,,,Y,,,,39.178992,-86.523504,LOCAL/CITY RD,Y,N,Y,URBAN,N,N,N,,DAYLIGHT,RAIN,WET,,T-INTERSECTION,STRAIGHT/LEVEL,ASPHALT,FAILURE TO YIELD RIGHT OF WAY,UNDER $1001,RIGHT TURN,EAST17THSTWOODLAWNAVE,1,TRAFFIC CONTROL SIGNAL,2019-10-30 16:28:00,
BLOOMINGTON PD,B1949568,MONROE,BLOOMINGTON,BLOOMINGTON,1,0.0,1.0,0.0,0.0,,,,ST RD 46E,,,ST RD 46E,MONROE,,,,Y,,300.0,W,39.18699904,-86.54785641,ST RD,,N,N,URBAN,N,N,Y,INTERMITTENT OR MOVING WORK,DARK (NOT LIGHTED),CLEAR,DRY,,NO JUNCTION INVOLVED,STRAIGHT/GRADE,ASPHALT,PEDESTRIAN ACTION,$1001 TO $2500,COLLISION WITH OBJECT IN RD,MONROESTST RD 46E,1,NONE,2019-11-26 00:30:00,
BLOOMINGTON PD,B2002001,MONROE,BLOOMINGTON,BLOOMINGTON,1,0.0,1.0,0.0,0.0,601.0,E 10TH,ST,,,,E 10TH,,,,,Y,,,,39.17168,-86.527024,OTHER,,N,N,URBAN,N,N,N,,DAYLIGHT,RAIN,WET,,FOUR-WAY INTERSECTION,STRAIGHT/LEVEL,ASPHALT,UNSAFE BACKING,UNDER $1001,BACKING CRASH,E 10THST,1,NONE,2020-01-15 13:07:00,
BLOOMINGTON PD,B2004451,MONROE,BLOOMINGTON,BLOOMINGTON,1,0.0,1.0,0.0,0.0,,HENDERSON,ST,,,,OF S HENDERSON,GRAHAM,,,,Y,,,,39.13881,-86.52694,LOCAL/CITY RD,,N,Y,URBAN,N,N,N,,DARK (NOT LIGHTED),SNOW,WET,,NO JUNCTION INVOLVED,STRAIGHT/LEVEL,ASPHALT,PEDESTRIAN ACTION,UNDER $1001,SAME DIRECTION SIDESWIPE,2400BLOCKOFSHENDERSONSTGRAHAMDR,1,LN CONTROL,2020-01-31 08:13:00,2400
BLOOMINGTON PD,B2007363,MONROE,BLOOMINGTON,BLOOMINGTON,1,0.0,1.0,0.0,0.0,,S INDIANA,AVE,,,,S INDIANA,W 4TH,,,,Y,,,,39.165648,-86.526848,LOCAL/CITY RD,,N,N,URBAN,N,N,N,,DARK (LIGHTED),CLEAR,DRY,,FOUR-WAY INTERSECTION,STRAIGHT/GRADE,ASPHALT,IMPROPER TURNING,UNDER $1001,LEFT TURN,SINDIANAAVEW4THST,1,STOP SIGN,2020-02-19 20:00:00,
BLOOMINGTON PD,B2025457,MONROE,PERRY,BLOOMINGTON,1,0.0,1.0,0.0,0.0,,LEONARD SPRINGS,RD,,,,LEONARD SPRINGS,FAIRINGTON,,,,Y,,,,39.13589,-86.58261,LOCAL/CITY RD,,N,N,URBAN,N,N,N,,DARK (NOT LIGHTED),CLOUDY,DRY,,T-INTERSECTION,STRAIGHT/GRADE,ASPHALT,PEDESTRIAN ACTION,UNDER $1001,SAME DIRECTION SIDESWIPE,FAIRINGTONDRLEONARDSPRINGSRD,1,NONE,2020-07-14 21:51:00,
BLOOMINGTON PD,B2032471,MONROE,BLOOMINGTON,BLOOMINGTON,1,0.0,1.0,0.0,0.0,,,,N ST RD 37,,,N ST RD 37,N WALNUT,,,,Y,,,,39.250688,-86.529744,ST RD,Y,N,N,URBAN,N,N,N,,DAYLIGHT,CLEAR,DRY,,FOUR-WAY INTERSECTION,STRAIGHT/GRADE,ASPHALT,PEDESTRIAN ACTION,UNDER $1001,OTHER - EXPLAIN IN NARRATIVE,NWALNUTSTN ST RD 37,1,TRAFFIC CONTROL SIGNAL,2020-09-09 08:40:00,
BLOOMINGTON PD,B2043815,MONROE,BLOOMINGTON,BLOOMINGTON,1,0.0,1.0,0.0,0.0,,N COLLEGE,AVE,,,,N COLLEGE,7TH,,,,Y,,,,39.168656,-86.534784,LOCAL/CITY RD,Y,N,N,URBAN,N,N,N,,DAYLIGHT,CLEAR,DRY,,NO JUNCTION INVOLVED,STRAIGHT/LEVEL,ASPHALT,FAILURE TO YIELD RIGHT OF WAY,UNDER $1001,LEFT/RIGHT TURN,7THSTNCOLLEGEAVE,1,TRAFFIC CONTROL SIGNAL,2020-12-09 11:49:00,
MONROE SD,M21A10370,MONROE,CLEAR CREEK,BLOOMINGTON,1,0.0,1.0,0.0,0.0,,S VALLEY MISSION,RD,,,,S VALLEY MISSION,E PEDIGO BAY,,,,N,,200.0,N,39.02464413,-86.5012091,COUNTY RD,,N,N,RURAL,N,N,N,,DAYLIGHT,CLEAR,DRY,,NO JUNCTION INVOLVED,CURVE/GRADE,ASPHALT,OTHER (DRIVER) - EXPLAIN IN NARRATIVE,$1001 TO $2500,REAR END,EPEDIGOBAYDRSVALLEYMISSIONRD,1,NONE,2021-04-17 12:52:00,
BLOOMINGTON PD,B23-18027,MONROE,PERRY,BLOOMINGTON,1,,1.0,0.0,0.0,,W 2ND ST,,,,,W 2ND ST,S MORTON AVE,,,,Y,,0.0,,39.16134809,-86.53618281,LOCAL/CITY RD,,,,URBAN,N,N,N,,DARK (LIGHTED),CLEAR,DRY,,TRAIL CROSSINGS,,ASPHALT,PEDESTRIAN ACTION,$1001 TO $2500,RIGHT ANGLE,W 2NDSTSMORTONAVE,1,,2023-04-09 21:50:00,
BLOOMINGTON PD,B2124354,MONROE,PERRY,BLOOMINGTON,1,0.0,1.0,0.0,0.0,,SOUTHERN,DR,,,,SOUTHERN,HENDERSON,,,,Y,,50.0,W,39.14984,-86.52712037,LOCAL/CITY RD,,N,N,URBAN,N,N,N,,DAYLIGHT,CLEAR,WET,,FOUR-WAY INTERSECTION,STRAIGHT/LEVEL,CONCRETE,PEDESTRIAN ACTION,UNDER $1001,COLLISION WITH OBJECT IN RD,HENDERSONSTSOUTHERNDR,1,NONE,2021-07-16 13:27:00,
BLOOMINGTON PD,B2118483,MONROE,PERRY,BLOOMINGTON,1,0.0,1.0,0.0,0.0,,E ARDEN,DR,,,,E ARDEN,E WINDSOR,,,,Y,,,,39.14752,-86.509312,LOCAL/CITY RD,,N,Y,URBAN,N,N,N,,DAYLIGHT,CLEAR,DRY,,T-INTERSECTION,CURVE/GRADE,CONCRETE,FAILURE TO YIELD RIGHT OF WAY,UNDER $1001,OTHER - EXPLAIN IN NARRATIVE,EASTARDENDREASTWINDSORDR,1,NONE,2021-06-04 18:40:00,
BLOOMINGTON PD,B2121637,MONROE,BLOOMINGTON,BLOOMINGTON,1,0.0,1.0,0.0,0.0,,W KIRKWOOD,AVE,,,,W KIRKWOOD,S COLLEGE,,,,Y,,,,39.16664,-86.5348,LOCAL/CITY RD,Y,Y,Y,URBAN,N,N,N,,DARK (LIGHTED),CLEAR,DRY,,FOUR-WAY INTERSECTION,STRAIGHT/LEVEL,ASPHALT,FAILURE TO YIELD RIGHT OF WAY,$1001 TO $2500,OTHER - EXPLAIN IN NARRATIVE,SOUTHCOLLEGEAVEWESTKIRKWOODAVE,1,TRAFFIC CONTROL SIGNAL,2021-06-27 01:27:00,
BLOOMINGTON PD,B21-44459,MONROE,PERRY,BLOOMINGTON,1,,1.0,0.0,0.0,,S WALNUT ST,,,,,S WALNUT ST,E RIDGEVIEW DR,,,,Y,,0.0,,39.131951,-86.531435,LOCAL/CITY RD,,,,URBAN,N,N,N,,DARK (NOT LIGHTED),RAIN,WET,,NO JUNCTION INVOLVED,,ASPHALT,PEDESTRIAN ACTION,UNDER $1001,OPPOSITE DIRECTION SIDESWIPE,SWALNUTSTERIDGEVIEWDR,1,,2021-12-10 20:56:00,
INDIANA UNIV BLOOMINGTON PD,220855,MONROE,BLOOMINGTON,BLOOMINGTON,1,,1.0,0.0,0.0,,E 10TH ST,,,,,E 10TH ST,N SUNRISE DR,,,,Y,,0.0,,39.17157723,-86.51248134,LOCAL/CITY RD,,,,URBAN,N,N,N,,DAYLIGHT,CLEAR,DRY,,FOUR-WAY INTERSECTION,,ASPHALT,IMPROPER PASSING,$1001 TO $2500,LEFT TURN,NSUNRISEDRE 10THST,1,,2022-03-05 17:20:00,
BLOOMINGTON PD,B22-12335,MONROE,PERRY,BLOOMINGTON,1,,1.0,0.0,0.0,2446.0,S HENDERSON ST,,,,,S HENDERSON ST,,,,,Y,,0.0,,39.13725558,-86.52774043,PRIVATE DR,,,,URBAN,N,N,N,,DAYLIGHT,CLEAR,DRY,,NO JUNCTION INVOLVED,,ASPHALT,FAILURE TO YIELD RIGHT OF WAY,UNDER $1001,BACKING CRASH,S.HENDERSONST,1,,2022-04-10 15:58:00,
BLOOMINGTON PD,B22-13328,MONROE,BLOOMINGTON,BLOOMINGTON,1,,1.0,0.0,0.0,,W 3RD ST,,,,,W 3RD ST,I-69,,,,Y,,0.0,,39.16469095,-86.57383151,LOCAL/CITY RD,,,,URBAN,N,N,N,,DAYLIGHT,CLEAR,DRY,,FOUR-WAY INTERSECTION,,ASPHALT,FAILURE TO YIELD RIGHT OF WAY,UNDER $1001,LEFT TURN,W 3RDSTI-69,1,,2022-04-16 15:41:00,
BLOOMINGTON PD,B22-18659,MONROE,PERRY,BLOOMINGTON,1,,0.0,0.0,0.0,1175.0,S COLLEGE MALL RD,,,,,S COLLEGE MALL RD,,,,,Y,,0.0,,39.153711,-86.495248,PRIVATE DR,,,,URBAN,N,N,N,,DAYLIGHT,CLEAR,DRY,,NO JUNCTION INVOLVED,,ASPHALT,PEDESTRIAN ACTION,$1001 TO $2500,RIGHT ANGLE,S.COLLEGEMALLRD,1,,2022-05-20 16:19:00,
BLOOMINGTON PD,B2207894,MONROE,BLOOMINGTON,BLOOMINGTON,1,,1.0,0.0,0.0,,S MORTON ST,,,,,S MORTON ST,W 2ND ST,,,,Y,,0.0,,39.1613732,-86.53628058,LOCAL/CITY RD,,,,URBAN,N,N,N,,DARK (LIGHTED),CLEAR,DRY,,TRAIL CROSSINGS,,ASPHALT,FAILURE TO YIELD RIGHT OF WAY,UNDER $1001,RIGHT ANGLE,W 2NDSTSMORTONST,1,,2022-03-09 20:40:00,
BLOOMINGTON PD,B22-37726,MONROE,BLOOMINGTON,BLOOMINGTON,1,,0.0,1.0,0.0,,N WALNUT ST,,,,,N WALNUT ST,E 12TH ST,,,,Y,,0.0,,39.1742856,-86.53356976,LOCAL/CITY RD,,,,URBAN,N,N,N,,DARK (LIGHTED),CLEAR,DRY,,FOUR-WAY INTERSECTION,,ASPHALT,OTHER (DRIVER) - EXPLAIN IN NARRATIVE,$1001 TO $2500,OTHER - EXPLAIN IN NARRATIVE,NWALNUTSTE12THST,1,,2022-09-18 01:49:00,
INDIANA UNIV BLOOMINGTON PD,223135,MONROE,BLOOMINGTON,BLOOMINGTON,1,,1.0,0.0,0.0,,E 7TH ST,,,,,E 7TH ST,STADIUM DR.,,,,Y,,0.0,,39.16883236,-86.5170706,LOCAL/CITY RD,,,,URBAN,N,N,N,,DAYLIGHT,CLEAR,DRY,,T-INTERSECTION,,ASPHALT,CELL PHONE USAGE,UNDER $1001,COLLISION WITH OBJECT IN RD,STADIUMDR.E7THST,1,,2022-09-07 13:05:00,
BLOOMINGTON PD,B22-32301,MONROE,PERRY,BLOOMINGTON,1,,1.0,0.0,0.0,,W 1ST,,,,,W 1ST,S WALNUT ST,,,,Y,,0.0,,39.15935447,-86.53371102,LOCAL/CITY RD,,,,URBAN,N,N,N,,DAYLIGHT,CLEAR,DRY,,FOUR-WAY INTERSECTION,,ASPHALT,PEDESTRIAN ACTION,$1001 TO $2500,RIGHT ANGLE,W1STSTSWALNUTST,1,,2022-08-18 17:00:00,
ELLETTSVILLE PD,8291472,MONROE,RICHLAND,ELLETTSVILLE,1,0.0,0.0,1.0,0.0,,,,ST RD 46E,,,ST RD 46E,FITH,,,,Y,OTHER,,,39.23343737,-86.62428439,ST RD,,N,N,URBAN,N,N,N,,DAWN/DUSK,CLEAR,DRY,NONE,NO JUNCTION INVOLVED,STRAIGHT/LEVEL,ASPHALT,PEDESTRIAN ACTION,$1001 TO $2500,NON-COLLISION,FITHSTST RD 46E,1,NONE,2014-08-29 06:50:00,
MONROE SD,M22A16599,MONROE,BEAN BLOSSOM,ELLETTSVILLE,1,,1.0,0.0,0.0,,W CHAFIN CHAPEL RD,,,,,W CHAFIN CHAPEL RD,RODEO DR,,,,N,,0.0,,39.25960195,-86.64515262,LOCAL/CITY RD,,,,RURAL,N,N,N,,DAYLIGHT,CLEAR,DRY,,T-INTERSECTION,,ASPHALT,PEDESTRIAN ACTION,UNDER $1001,OTHER - EXPLAIN IN NARRATIVE,WCHAFINCHAPELRDRODEODR,1,,2022-07-11 12:25:00,
ELLETTSVILLE PD,SALE AND ASSOCIATION,MONROE,RICHLAND,ELLETTSVILLE,1,,1.0,0.0,0.0,,S SALE ST,,,,,S SALE ST,W ASSOCIATION ST,,,,Y,,0.0,,39.23314911,-86.62547332,LOCAL/CITY RD,,,,URBAN,N,N,N,,DARK (LIGHTED),CLEAR,DRY,,FOUR-WAY INTERSECTION,,ASPHALT,FAILURE TO YIELD RIGHT OF WAY,UNDER $1001,LEFT TURN,WASSOCIATIONSTSSALEST,1,,2022-09-29 07:05:00,
MONROE SD,M17A23753,MONROE,BEAN BLOSSOM,STINESVILLE,1,0.0,1.0,0.0,0.0,,STINESVILLE,RD,,,,STINESVILLE,,,,,N,OTHER,,,39.266752,-86.6656,LOCAL/CITY RD,,N,N,RURAL,N,N,N,,DARK (NOT LIGHTED),CLEAR,DRY,NONE,T-INTERSECTION,STRAIGHT/LEVEL,ASPHALT,PEDESTRIAN ACTION,UNDER $1001,OTHER - EXPLAIN IN NARRATIVE,ST RD 46 WSTINESVILLERD,1,STOP SIGN,2017-09-30 23:20:00,
BLOOMINGTON PD,41213250,MONROE,PERRY,BLOOMINGTON,1,0.0,1.0,0.0,0.0,,2ND,ST,,,,2ND ST,WALNUT,,,,Y,OTHER,150.0,E,39.16140027,-86.53364272,LOCAL/CITY RD,,N,N,URBAN,N,N,N,,DAYLIGHT,CLEAR,DRY,NONE,NO JUNCTION INVOLVED,STRAIGHT/LEVEL,ASPHALT,PEDESTRIAN ACTION,UNDER $1001,RIGHT ANGLE,2NDSTWALNUTST,1,NONE,2013-04-12 17:40:00,
BLOOMINGTON PD,51113272,MONROE,BLOOMINGTON,BLOOMINGTON,1,0.0,2.0,0.0,0.0,1107.0,JACKSON,ST,,,,N JACKSON ST,,,,,Y,PRIVATE,,,39.17782237,-86.53966106,OTHER,,Y,N,URBAN,N,N,N,,DARK (LIGHTED),CLEAR,DRY,NONE,NO JUNCTION INVOLVED,STRAIGHT/GRADE,GRAVEL,UNSAFE BACKING,UNDER $1001,BACKING CRASH,NORTHJACKSONST,0,NONE,2013-05-11 20:39:00,
BLOOMINGTON PD,60613233,MONROE,PERRY,BLOOMINGTON,2,0.0,1.0,0.0,0.0,2602.0,E ASTGATE,LN,,,,E ASTGATE LN,,,,,Y,PRIVATE,,,39.168434,-86.498863,OTHER,,N,N,URBAN,N,N,N,,DAYLIGHT,CLEAR,DRY,NONE,T-INTERSECTION,STRAIGHT/GRADE,ASPHALT,BRAKE FAILURE OR DEFECTIVE,$1001 TO $2500,LEFT TURN,EEASTGATELN,1,NONE,2013-06-06 17:35:00,
BLOOMINGTON PD,90913092,MONROE,BLOOMINGTON,BLOOMINGTON,1,0.0,1.0,0.0,0.0,,N MORTON,ST,,,,N MORTON ST,W 6TH,,,,Y,OTHER,50.0,N,39.167664,-86.536,LOCAL/CITY RD,,N,N,URBAN,N,N,N,,DAYLIGHT,CLEAR,DRY,NONE,NO JUNCTION INVOLVED,STRAIGHT/LEVEL,ASPHALT,UNSAFE BACKING,UNDER $1001,BACKING CRASH,NMORTONSTW6THST,1,NONE,2013-09-09 10:54:00,