Agency,Local Code,County,Township,City,Vehicles Involved,Trailers Involved,Number Injured,Number Dead,Number Deer,House Number,Roadway Name,Roadway Suffix,Roadway Number,Roadway Interchange,Roadway Ramp,Roadway Id,Intersecting Road,Intersecting Road Number,Mile Marker,Interchange,Corporate Limits?,Property Type,Feet From,Direction,Latitude,Longitude,Roadway Class,Traffic Control Devices?,Aggressive Driving?,Hit and Run?,Locality,School Zone?,Rumble Strips?,Construction?,Construction Type,Light Condition,Weather Conditions,Surface Condition,Type of Median,Roadway Junction Type,Road Character,Roadway Surface,Primary Factor,Damage Estimate,Manner of Collision,Unique Location Id,State Property Damage?,Traffic Control,DateTime,Address Number
INDIANA UNIV BLOOMINGTON PD,151118,MONROE,BLOOMINGTON,BLOOMINGTON,1,0.0,0.0,0.0,0.0,,ATWATER,,,,,ATWATER,FESS,,,,Y,,,,39.16312024,-86.52590028,LOCAL/CITY RD,,N,Y,URBAN,N,N,N,,DAYLIGHT,CLEAR,DRY,NONE,FOUR-WAY INTERSECTION,STRAIGHT/LEVEL,ASPHALT,FAILURE TO YIELD RIGHT OF WAY,$1001 TO $2500,OTHER - EXPLAIN IN NARRATIVE,ATWATERAVEFESSAVE,1,STOP SIGN,2015-04-17 15:15:00,
BLOOMINGTON PD,B1518354,MONROE,PERRY,BLOOMINGTON,1,0.0,1.0,0.0,0.0,,1ST,ST,,,,1ST,B LINE,,,,Y,,,,0.0,0.0,LOCAL/CITY RD,,N,N,URBAN,N,N,N,,DAYLIGHT,CLEAR,DRY,,NO JUNCTION INVOLVED,STRAIGHT/GRADE,ASPHALT,DISREGARD SIGNAL/REG SIGN,UNDER $1001,RIGHT ANGLE,1STSTBLINETRL,1,STOP SIGN,2015-05-06 11:03:00,
INDIANA UNIV BLOOMINGTON PD,152780,MONROE,BLOOMINGTON,BLOOMINGTON,1,0.0,1.0,0.0,0.0,,EAGLESON AVE,AVE,,,,EAGLESON AVE,E JONES,,,,Y,,,,39.16540012,-86.51640996,LOCAL/CITY RD,,N,N,URBAN,N,N,N,,DAYLIGHT,CLEAR,DRY,CURBED,T-INTERSECTION,STRAIGHT/LEVEL,ASPHALT,FAILURE TO YIELD RIGHT OF WAY,$1001 TO $2500,RIGHT ANGLE,EJONESAVEEAGLESON AVEAVE,1,NONE,2015-10-19 16:12:00,
BLOOMINGTON PD,B1547036,MONROE,PERRY,BLOOMINGTON,1,0.0,1.0,0.0,0.0,1201.0,W ALLEN,ST,,,,W ALLEN,,,,,Y,,,,39.156128,-86.560912,OTHER,,N,Y,URBAN,N,N,N,,DAYLIGHT,CLEAR,DRY,,NO JUNCTION INVOLVED,STRAIGHT/GRADE,ASPHALT,IMPROPER TURNING,$1001 TO $2500,COLLISION WITH OBJECT IN RD,WALLENST,1,NONE,2015-11-03 10:02:00,
BLOOMINGTON PD,B1551678,MONROE,PERRY,BLOOMINGTON,1,0.0,1.0,0.0,0.0,,ATWATER,AVE,,,,ATWATER,HENDERSON,,,,Y,,,,39.163344,-86.5272,LOCAL/CITY RD,Y,N,N,URBAN,N,N,N,,DARK (LIGHTED),CLEAR,DRY,,FOUR-WAY INTERSECTION,STRAIGHT/LEVEL,ASPHALT,PEDESTRIAN ACTION,$2501 TO $5000,RIGHT ANGLE,ATWATERAVEHENDERSONST,1,TRAFFIC CONTROL SIGNAL,2015-12-06 02:26:00,
BLOOMINGTON PD,B1553374,MONROE,BLOOMINGTON,BLOOMINGTON,1,0.0,1.0,0.0,0.0,,S PATTERSON,DR,,,,S PATTERSON,W 3RD,,,,Y,,,,39.16344009,-86.55128002,LOCAL/CITY RD,Y,N,N,URBAN,N,N,N,,DARK (NOT LIGHTED),CLEAR,DRY,,T-INTERSECTION,STRAIGHT/GRADE,ASPHALT,PEDESTRIAN ACTION,$1001 TO $2500,OTHER - EXPLAIN IN NARRATIVE,SPATTERSONDRW 3RDST,1,TRAFFIC CONTROL SIGNAL,2015-12-18 18:17:00,
INDIANA UNIV BLOOMINGTON PD,161663,MONROE,BLOOMINGTON,BLOOMINGTON,1,0.0,0.0,0.0,0.0,,17TH,ST,,,,17TH,WOODLAWN,,,,Y,,,,39.178992,-86.523504,LOCAL/CITY RD,,N,Y,URBAN,N,N,Y,LN CLOSURE,DAYLIGHT,CLOUDY,WET,,FOUR-WAY INTERSECTION,STRAIGHT/LEVEL,ASPHALT,OTHER (DRIVER) - EXPLAIN IN NARRATIVE,UNDER $1001,OTHER - EXPLAIN IN NARRATIVE,17THSTWOODLAWNAVE,1,OFFICER/CROSSING GUARD/FLAGMAN,2016-07-28 14:30:00,
INDIANA UNIV BLOOMINGTON PD,162530,MONROE,BLOOMINGTON,BLOOMINGTON,1,0.0,1.0,0.0,0.0,,7TH,ST,,,,7TH,EAGLESON AVE,,,,Y,,,,39.168944,-86.516016,LOCAL/CITY RD,,N,N,URBAN,N,N,N,,DARK (LIGHTED),CLEAR,DRY,,NO JUNCTION INVOLVED,STRAIGHT/LEVEL,ASPHALT,FAILURE TO YIELD RIGHT OF WAY,UNDER $1001,OTHER - EXPLAIN IN NARRATIVE,7THSTEAGLESON AVEAVE,1,STOP SIGN,2016-10-17 06:34:00,
BLOOMINGTON PD,B1646434,MONROE,BLOOMINGTON,BLOOMINGTON,1,0.0,1.0,0.0,0.0,,S LEONARD SPRINGS,RD,,,,S LEONARD SPRINGS,W TAPP,,,,Y,,,,39.1368299,-86.58261023,LOCAL/CITY RD,Y,N,Y,URBAN,N,N,N,,DAYLIGHT,CLOUDY,DRY,,T-INTERSECTION,STRAIGHT/GRADE,ASPHALT,FAILURE TO YIELD RIGHT OF WAY,UNDER $1001,RIGHT TURN,SLEONARDSPRINGSRDWTAPPRD,1,TRAFFIC CONTROL SIGNAL,2016-11-18 11:09:00,
BLOOMINGTON PD,B1647623,MONROE,VAN BUREN,BLOOMINGTON,1,0.0,0.0,0.0,0.0,,W WYLIE,ST,,,,W WYLIE,S FAIRVIEW,,,,Y,,200.0,W,39.15839016,-86.5410227,LOCAL/CITY RD,,N,N,URBAN,N,N,N,,DAYLIGHT,CLOUDY,DRY,,NO JUNCTION INVOLVED,STRAIGHT/HILLCREST,ASPHALT,UNSAFE BACKING,UNDER $1001,BACKING CRASH,SFAIRVIEWSTWWYLIEST,1,NONE,2016-11-29 12:47:00,
BLOOMINGTON PD,B1710731,MONROE,PERRY,BLOOMINGTON,1,0.0,1.0,0.0,0.0,,E 2ND,ST,,,,E 2ND,S COLLEGE MALL,,,,Y,,,,39.160944,-86.497696,LOCAL/CITY RD,Y,N,N,URBAN,N,N,N,,DAYLIGHT,CLOUDY,DRY,,NO JUNCTION INVOLVED,STRAIGHT/GRADE,ASPHALT,DISREGARD SIGNAL/REG SIGN,UNDER $1001,RIGHT ANGLE,E 2NDSTSCOLLEGEMALLRD,1,TRAFFIC CONTROL SIGNAL,2017-03-23 16:06:00,
BLOOMINGTON PD,B1711806,MONROE,PERRY,BLOOMINGTON,1,0.0,1.0,0.0,0.0,,S MEADOWBROOK,DR,,,,S MEADOWBROOK,E BRIGHTON,,,,Y,,,,39.157648,-86.487248,LOCAL/CITY RD,,N,N,URBAN,N,N,N,,DAYLIGHT,RAIN,WET,,T-INTERSECTION,STRAIGHT/LEVEL,ASPHALT,OTHER (ENVIRONMENTAL) - EXPLAIN IN NARR,$1001 TO $2500,SAME DIRECTION SIDESWIPE,EBRIGHTONAVESMEADOWBROOKDR,1,NONE,2017-03-30 17:55:00,
BLOOMINGTON PD,B1712005,MONROE,PERRY,BLOOMINGTON,1,0.0,1.0,0.0,0.0,,S WALNUT,ST,,,,S WALNUT,E ALLEN,,,,Y,,100.0,S,39.155648,-86.5336,LOCAL/CITY RD,,N,N,URBAN,N,N,N,,DARK (LIGHTED),CLOUDY,WET,,NO JUNCTION INVOLVED,STRAIGHT/LEVEL,ASPHALT,PEDESTRIAN ACTION,UNDER $1001,OTHER - EXPLAIN IN NARRATIVE,EALLENRDSWALNUTST,1,NONE,2017-03-31 23:31:00,
BLOOMINGTON PD,B1714930,MONROE,BLOOMINGTON,BLOOMINGTON,1,0.0,1.0,0.0,0.0,,,,ST RD 46E,,,ST RD 46E,DUNN,,,,Y,,,,39.186352,-86.528496,ST RD,Y,N,N,URBAN,N,N,N,,DARK (NOT LIGHTED),CLOUDY,WET,,FOUR-WAY INTERSECTION,STRAIGHT/LEVEL,ASPHALT,SPEED TOO FAST FOR WEATHER CONDITIONS,UNDER $1001,OTHER - EXPLAIN IN NARRATIVE,DUNNSTST RD 46E,1,TRAFFIC CONTROL SIGNAL,2017-04-20 22:53:00,
BLOOMINGTON PD,B1724971,MONROE,BLOOMINGTON,BLOOMINGTON,1,0.0,1.0,0.0,0.0,1926.0,W ARLINGTON,RD,,,,W ARLINGTON,,,,,Y,,,,39.18519346,-86.55064102,LOCAL/CITY RD,,N,N,URBAN,N,N,N,,DAYLIGHT,CLEAR,DRY,,NO JUNCTION INVOLVED,STRAIGHT/LEVEL,ASPHALT,OTHER (VEHICLE) - EXPLAIN IN NARRATIVE,$1001 TO $2500,OTHER - EXPLAIN IN NARRATIVE,WARLINGTONRD,0,LN CONTROL,2017-06-26 13:05:00,
BLOOMINGTON PD,B1728404,MONROE,BLOOMINGTON,BLOOMINGTON,2,0.0,1.0,0.0,0.0,,S KINGSTON,DR,,,,S KINGSTON,E 3RD,,,,Y,,,,39.16424,-86.492944,LOCAL/CITY RD,,N,N,URBAN,N,N,N,,DAYLIGHT,CLEAR,DRY,,NO JUNCTION INVOLVED,STRAIGHT/LEVEL,ASPHALT,PEDESTRIAN ACTION,UNDER $1001,LEFT TURN,E 3RDSTSKINGSTONDR,1,LN CONTROL,2017-07-17 17:25:00,
BLOOMINGTON PD,B1732260,MONROE,BLOOMINGTON,BLOOMINGTON,2,0.0,1.0,0.0,0.0,,ILLINOIS,CT,,,,ILLINOIS,ILLINOIS,,,,Y,OTHER,500.0,E,39.173344,-86.550304,LOCAL/CITY RD,,N,N,URBAN,N,N,N,,DAYLIGHT,CLEAR,DRY,,NO JUNCTION INVOLVED,STRAIGHT/LEVEL,ASPHALT,OTHER (DRIVER) - EXPLAIN IN NARRATIVE,$2501 TO $5000,OTHER - EXPLAIN IN NARRATIVE,ILLINOISCTILLINOISST,1,NONE,2017-08-12 11:16:00,
BLOOMINGTON PD,B1732691,MONROE,PERRY,BLOOMINGTON,1,0.0,1.0,0.0,0.0,,MADISON,ST,,,,MADISON,PATTERSON,,,,Y,,,,39.15384,-86.53764,LOCAL/CITY RD,,Y,Y,URBAN,N,N,N,,DARK (NOT LIGHTED),CLEAR,DRY,,NO JUNCTION INVOLVED,STRAIGHT/LEVEL,ASPHALT,UNSAFE SPEED,UNDER $1001,OTHER - EXPLAIN IN NARRATIVE,MADISONSTPATTERSONDR,1,NONE,2017-08-15 01:46:00,
INDIANA UNIV BLOOMINGTON PD,172586,MONROE,BLOOMINGTON,BLOOMINGTON,1,0.0,1.0,0.0,0.0,,6TH,ST,,,,6TH,INDIANA,,,,Y,,,,39.167744,-86.526928,LOCAL/CITY RD,,N,N,URBAN,N,N,N,,DAYLIGHT,CLEAR,DRY,,NO JUNCTION INVOLVED,STRAIGHT/LEVEL,ASPHALT,FAILURE TO YIELD RIGHT OF WAY,UNDER $1001,LEFT TURN,6THSTINDIANAAVE,1,STOP SIGN,2017-10-26 17:06:00,
BLOOMINGTON PD,B1747133,MONROE,BLOOMINGTON,BLOOMINGTON,1,0.0,1.0,0.0,0.0,,N PETE LLIS,DR,,,,N PETE LLIS,E JOHN HINKLE,,,,Y,,100.0,N,39.17072,-86.4956,LOCAL/CITY RD,,N,N,URBAN,N,N,N,,DARK (LIGHTED),CLEAR,DRY,,FOUR-WAY INTERSECTION,STRAIGHT/GRADE,ASPHALT,PEDESTRIAN ACTION,$1001 TO $2500,COLLISION WITH OBJECT IN RD,EJOHNHINKLEPLNPETEELLISDR,1,STOP SIGN,2017-11-16 18:29:00,
ISP BLOOMINGTON 33,2.018E+11,MONROE,PERRY,BLOOMINGTON,3,0.0,4.0,0.0,0.0,,,,ST RD 37,,,ST RD 37,SMITHVILLE,,,,N,,2500.0,N,39.16424,-86.480688,ST RD,,N,N,RURAL,N,N,N,,DAWN/DUSK,CLEAR,DRY,,NO JUNCTION INVOLVED,STRAIGHT/LEVEL,ASPHALT,UNSAFE SPEED,$10001 TO $25000,REAR END,SMITHVILLERDST RD 37,1,LN CONTROL,2018-04-07 19:35:00,
BLOOMINGTON PD,B1815541,MONROE,RICHLAND,BLOOMINGTON,1,0.0,1.0,0.0,0.0,160.0,N GATES,DR,,,,N GATES,,,,,Y,,,,39.16781211,-86.57606255,LOCAL/CITY RD,,N,N,URBAN,N,N,N,,DAYLIGHT,CLEAR,DRY,,NO JUNCTION INVOLVED,STRAIGHT/LEVEL,ASPHALT,UNSAFE BACKING,UNDER $1001,BACKING CRASH,NGATESDR,1,NONE,2018-04-19 18:50:00,
BLOOMINGTON PD,B1817766,MONROE,BLOOMINGTON,BLOOMINGTON,1,0.0,1.0,0.0,0.0,,S WALNUT,ST,,,,S WALNUT,W 4TH,,,,Y,,,,39.165648,-86.5336,LOCAL/CITY RD,Y,N,N,URBAN,N,N,N,,DAYLIGHT,CLEAR,DRY,,NO JUNCTION INVOLVED,STRAIGHT/LEVEL,ASPHALT,FAILURE TO YIELD RIGHT OF WAY,UNDER $1001,LEFT TURN,SWALNUTSTW4THST,1,TRAFFIC CONTROL SIGNAL,2018-05-02 16:22:00,
BLOOMINGTON PD,B1818677,MONROE,PERRY,BLOOMINGTON,1,0.0,1.0,0.0,0.0,1210.0,S WALNUT,ST,,,,S WALNUT,,,,,Y,,,,39.15334857,-86.5336,OTHER,,N,N,URBAN,N,N,N,,DAYLIGHT,CLEAR,DRY,,T-INTERSECTION,STRAIGHT/LEVEL,ASPHALT,UNSAFE BACKING,$1001 TO $2500,BACKING CRASH,SWALNUTST,1,NONE,2018-05-08 17:06:00,
INDIANA UNIV BLOOMINGTON PD,182003,MONROE,BLOOMINGTON,BLOOMINGTON,1,0.0,1.0,0.0,0.0,,10TH,ST,,,,10TH,WOODLAWN,,,,Y,,,,39.171632,-86.523536,LOCAL/CITY RD,Y,N,N,URBAN,N,N,N,,DARK (LIGHTED),RAIN,WATER (STANDING OR MOVING),,FOUR-WAY INTERSECTION,STRAIGHT/LEVEL,ASPHALT,PEDESTRIAN ACTION,$1001 TO $2500,COLLISION WITH OBJECT IN RD,10THSTWOODLAWNAVE,1,TRAFFIC CONTROL SIGNAL,2018-09-08 20:13:00,
BLOOMINGTON PD,B1837773,MONROE,BLOOMINGTON,BLOOMINGTON,1,0.0,1.0,0.0,0.0,,E 3RD,ST,,,,E 3RD,,,,,Y,,,,39.16424,-86.473296,LOCAL/CITY RD,Y,N,N,URBAN,N,N,N,,DAYLIGHT,CLEAR,DRY,,FOUR-WAY INTERSECTION,STRAIGHT/LEVEL,ASPHALT,FAILURE TO YIELD RIGHT OF WAY,UNDER $1001,RIGHT ANGLE,E 3RDSTST RD 46N,1,TRAFFIC CONTROL SIGNAL,2018-09-14 17:00:00,
INDIANA UNIV BLOOMINGTON PD,1825226,MONROE,BLOOMINGTON,BLOOMINGTON,1,0.0,1.0,0.0,0.0,,EAGLESON AVE,AVE,,,,EAGLESON AVE,17TH,,,,Y,,,,39.178848,-86.511088,LOCAL/CITY RD,,N,N,URBAN,N,N,N,,DARK (LIGHTED),CLEAR,DRY,,T-INTERSECTION,STRAIGHT/HILLCREST,ASPHALT,FAILURE TO YIELD RIGHT OF WAY,$2501 TO $5000,COLLISION WITH OBJECT IN RD,EAST17THSTEAGLESON AVEAVE,1,STOP SIGN,2018-10-22 20:58:00,
BLOOMINGTON PD,B1906033,MONROE,BLOOMINGTON,BLOOMINGTON,1,0.0,1.0,0.0,0.0,,W 17TH,ST,,,,W 17TH,N COLLEGE,,,,Y,,,,39.17896,-86.53472,LOCAL/CITY RD,Y,N,N,URBAN,N,N,N,,DARK (LIGHTED),CLEAR,WET,,FOUR-WAY INTERSECTION,STRAIGHT/GRADE,ASPHALT,PEDESTRIAN ACTION,$1001 TO $2500,OTHER - EXPLAIN IN NARRATIVE,NCOLLEGEAVEW17THST,1,TRAFFIC CONTROL SIGNAL,2019-02-12 19:51:00,
BLOOMINGTON PD,B1907504,MONROE,PERRY,BLOOMINGTON,1,0.0,1.0,0.0,0.0,,7TH,ST,,,,W 7TH,WALNUT,,,,Y,,,,39.16855,-86.53359,LOCAL/CITY RD,Y,N,N,URBAN,N,N,N,,DAYLIGHT,CLOUDY,DRY,,FOUR-WAY INTERSECTION,STRAIGHT/LEVEL,ASPHALT,FAILURE TO YIELD RIGHT OF WAY,UNDER $1001,LEFT TURN,NORTHWALNUTSTWEST7THST,1,TRAFFIC CONTROL SIGNAL,2019-02-20 16:05:00,
BLOOMINGTON PD,B1908834,MONROE,BLOOMINGTON,BLOOMINGTON,1,0.0,1.0,0.0,0.0,3600.0,W 3RD,ST,,,,W 3RD,,,,,Y,,,,39.16424,-86.48635271,OTHER,,N,N,URBAN,N,N,N,,DAYLIGHT,SNOW,SNOW/SLUSH,,NO JUNCTION INVOLVED,STRAIGHT/LEVEL,ASPHALT,FAILURE TO YIELD RIGHT OF WAY,UNDER $1001,OTHER - EXPLAIN IN NARRATIVE,W 3RDST,1,NONE,2019-03-03 13:28:00,
MONROE SD,M19A15710,MONROE,BLOOMINGTON,BLOOMINGTON,1,0.0,0.0,1.0,0.0,,,,ST RD 45E,,,ST RD 45E,N RUSSELL,,,,N,,500.0,S,39.19897945,-86.46794293,ST RD,,N,Y,RURAL,N,Y,N,,DARK (NOT LIGHTED),CLEAR,DRY,,NO JUNCTION INVOLVED,STRAIGHT/GRADE,ASPHALT,OTHER (DRIVER) - EXPLAIN IN NARRATIVE,$1001 TO $2500,OTHER - EXPLAIN IN NARRATIVE,NORTHRUSSELLRDST RD 45E,1,NONE,2019-05-13 22:23:00,
BLOOMINGTON PD,B19-47751,MONROE,BLOOMINGTON,BLOOMINGTON,1,0.0,1.0,0.0,0.0,,E 3RD,ST,,,,E 3RD,S COLLEGE MALL,,,,Y,,,,39.16424,-86.4984,LOCAL/CITY RD,Y,N,N,URBAN,N,N,N,,DAYLIGHT,CLEAR,DRY,,FOUR-WAY INTERSECTION,STRAIGHT/LEVEL,ASPHALT,FAILURE TO YIELD RIGHT OF WAY,UNDER $1001,LEFT TURN,E 3RDSTSCOLLEGEMALLRD,1,TRAFFIC CONTROL SIGNAL,2019-11-13 13:45:00,
BLOOMINGTON PD,B2030281,MONROE,BLOOMINGTON,BLOOMINGTON,1,0.0,1.0,0.0,0.0,,N WALNUT,ST,,,,N WALNUT,KIRKWOOD,,,,Y,,,,39.16664,-86.5336,LOCAL/CITY RD,Y,N,N,URBAN,N,N,N,,DAWN/DUSK,CLEAR,DRY,,FOUR-WAY INTERSECTION,STRAIGHT/LEVEL,ASPHALT,PEDESTRIAN ACTION,UNDER $1001,OTHER - EXPLAIN IN NARRATIVE,KIRKWOODAVENWALNUTST,1,TRAFFIC CONTROL SIGNAL,2020-08-22 20:23:00,
BLOOMINGTON PD,B2043160,MONROE,PERRY,BLOOMINGTON,1,0.0,1.0,0.0,0.0,,W 3RD,ST,,,,W 3RD,S CURRY,,,,Y,,,,39.16465,-86.582939,LOCAL/CITY RD,Y,N,N,URBAN,N,N,N,,DARK (NOT LIGHTED),CLEAR,DRY,,FOUR-WAY INTERSECTION,STRAIGHT/LEVEL,ASPHALT,PEDESTRIAN ACTION,$5001 TO $10000,OTHER - EXPLAIN IN NARRATIVE,SOUTHCURRYPKWEST3RDST,1,TRAFFIC CONTROL SIGNAL,2020-12-02 18:45:00,
MONROE SD,M21A7128,MONROE,VAN BUREN,BLOOMINGTON,1,0.0,0.0,0.0,0.0,,RAYLE,PL,,,,RAYLE,W TAPP,,,,N,,,,39.13704,-86.577504,LOCAL/CITY RD,,N,N,URBAN,N,N,N,,DARK (NOT LIGHTED),CLEAR,DRY,,T-INTERSECTION,STRAIGHT/LEVEL,ASPHALT,OTHER (ENVIRONMENTAL) - EXPLAIN IN NARR,$1001 TO $2500,COLLISION WITH OBJECT IN RD,RAYLEPLWTAPPRD,0,LN CONTROL,2021-03-12 20:19:00,
BLOOMINGTON PD,B2108894,MONROE,BLOOMINGTON,BLOOMINGTON,1,0.0,1.0,0.0,0.0,,E 2ND,ST,,,,E 2ND,S COLLEGE MALL,,,,Y,,,,39.1609319,-86.4977835,LOCAL/CITY RD,Y,N,N,URBAN,N,N,N,,DAYLIGHT,CLEAR,DRY,,FOUR-WAY INTERSECTION,STRAIGHT/LEVEL,ASPHALT,FAILURE TO YIELD RIGHT OF WAY,UNDER $1001,LEFT TURN,E 2NDSTSCOLLEGEMALLRD,1,TRAFFIC CONTROL SIGNAL,2021-03-22 16:32:00,
BLOOMINGTON PD,B2129495,MONROE,BLOOMINGTON,BLOOMINGTON,1,0.0,1.0,0.0,0.0,,S HENDERSON,ST,,,,S HENDERSON,E BRANDON,,,,Y,,250.0,S,39.11170976,-86.526926,LOCAL/CITY RD,,N,N,URBAN,N,Y,N,,DARK (NOT LIGHTED),CLEAR,DRY,,NO JUNCTION INVOLVED,STRAIGHT/LEVEL,ASPHALT,PEDESTRIAN ACTION,UNDER $1001,COLLISION WITH OBJECT IN RD,EASTBRANDONCTSOUTHHENDERSONST,1,LN CONTROL,2021-08-22 21:00:00,
MONROE SD,M22A15886,MONROE,BENTON,BLOOMINGTON,1,,1.0,0.0,0.0,,N TUNNEL RD,,,,,N TUNNEL RD,,,,,N,,0.0,,39.2562861,-86.4145865,LOCAL/CITY RD,,,,RURAL,N,N,N,,DARK (NOT LIGHTED),CLEAR,DRY,,NO JUNCTION INVOLVED,,ASPHALT,OTHER (DRIVER) - EXPLAIN IN NARRATIVE,UNDER $1001,NON-COLLISION,NTUNNELRD,1,,2022-07-03 22:42:00,
BLOOMINGTON PD,B23-14863,MONROE,PERRY,BLOOMINGTON,1,,1.0,0.0,0.0,,S WALNUT ST,,,,,S WALNUT ST,E DIXIE ST,,,,Y,,0.0,,39.15655921,-86.53365201,LOCAL/CITY RD,,,,URBAN,N,N,N,,DARK (NOT LIGHTED),RAIN,WET,,T-INTERSECTION,,ASPHALT,PEDESTRIAN ACTION,UNDER $1001,OTHER - EXPLAIN IN NARRATIVE,S.WALNUTSTEDIXIEST,1,,2023-03-24 22:50:00,
BLOOMINGTON PD,B2128878,MONROE,PERRY,BLOOMINGTON,1,0.0,1.0,0.0,0.0,,E ST RD 46,HWY,,,,E ST RD 46,S COLLEGE MALL,,,,Y,,100.0,E,39.1641839,-86.49824424,LOCAL/CITY RD,,N,Y,URBAN,N,N,N,,DARK (LIGHTED),CLEAR,DRY,,NO JUNCTION INVOLVED,STRAIGHT/LEVEL,ASPHALT,FAILURE TO YIELD RIGHT OF WAY,$1001 TO $2500,RIGHT TURN,ESTRD46HWYSCOLLEGEMALLRD,1,NONE,2021-08-18 22:23:00,
BLOOMINGTON PD,B2129989,MONROE,PERRY,BLOOMINGTON,2,0.0,1.0,0.0,0.0,901.0,S TIMOTHY,CT,,,,S TIMOTHY,,,,,Y,,,,39.157055,-86.557393,OTHER,,N,N,URBAN,N,N,N,,DAYLIGHT,CLEAR,DRY,,NO JUNCTION INVOLVED,STRAIGHT/GRADE,ASPHALT,OTHER (VEHICLE) - EXPLAIN IN NARRATIVE,$5001 TO $10000,RIGHT ANGLE,SOUTHTIMOTHYCT,0,NONE,2021-08-26 16:31:00,
BLOOMINGTON PD,B2137186,MONROE,BLOOMINGTON,BLOOMINGTON,1,0.0,1.0,0.0,0.0,,12TH,ST,,,,12TH,MONROE,,,,Y,,500.0,E,39.174352,-86.547104,LOCAL/CITY RD,,Y,Y,URBAN,N,N,N,,DARK (LIGHTED),RAIN,WET,,NO JUNCTION INVOLVED,STRAIGHT/GRADE,ASPHALT,UNSAFE SPEED,UNDER $1001,SAME DIRECTION SIDESWIPE,12THSTMONROEST,1,NONE,2021-10-16 02:35:00,
BLOOMINGTON PD,B2132070,MONROE,PERRY,BLOOMINGTON,1,0.0,1.0,0.0,0.0,,COUNTRYSIDE,LN,,,,COUNTRYSIDE,S SUNFLOWER,,,,Y,,,,39.13989875,-86.55396847,LOCAL/CITY RD,,N,N,URBAN,Y,N,N,,DAYLIGHT,CLEAR,DRY,,FOUR-WAY INTERSECTION,STRAIGHT/GRADE,ASPHALT,OTHER (DRIVER) - EXPLAIN IN NARRATIVE,UNDER $1001,OTHER - EXPLAIN IN NARRATIVE,COUNTRYSIDELNSSUNFLOWERDR,1,STOP SIGN,2021-09-10 08:52:00,
BLOOMINGTON PD,B2138210,MONROE,BLOOMINGTON,BLOOMINGTON,1,0.0,1.0,0.0,0.0,,S FRANKLIN,RD,,,,S FRANKLIN,W 3RD,,,,Y,,,,39.164688,-86.5712,LOCAL/CITY RD,Y,N,N,URBAN,N,N,N,,DAYLIGHT,CLOUDY,DRY,,FOUR-WAY INTERSECTION,STRAIGHT/GRADE,CONCRETE,DISREGARD SIGNAL/REG SIGN,UNDER $1001,RIGHT TURN,SFRANKLINRDW 3RDST,1,TRAFFIC CONTROL SIGNAL,2021-10-23 17:40:00,
BLOOMINGTON PD,B2200071,MONROE,BLOOMINGTON,BLOOMINGTON,1,0.0,0.0,0.0,0.0,,,,ST RD 46 W,,,ST RD 46 W,KINSER PK,,,,Y,,,,39.186544,-86.537888,ST RD,,N,N,URBAN,N,N,N,,DARK (NOT LIGHTED),RAIN,WET,,FOUR-WAY INTERSECTION,STRAIGHT/LEVEL,ASPHALT,PEDESTRIAN ACTION,UNDER $1001,OTHER - EXPLAIN IN NARRATIVE,KINSERPKRDST RD 46 W,1,NONE,2022-01-01 18:38:00,
INDIANA UNIV BLOOMINGTON PD,212424,MONROE,BLOOMINGTON,BLOOMINGTON,1,0.0,1.0,0.0,0.0,,INDIANA,AVE,,,,INDIANA,4TH,,,,Y,,,,39.165648,-86.526848,LOCAL/CITY RD,,N,Y,URBAN,N,N,N,,DAYLIGHT,CLEAR,DRY,,FOUR-WAY INTERSECTION,STRAIGHT/LEVEL,ASPHALT,FAILURE TO YIELD RIGHT OF WAY,$1001 TO $2500,LEFT TURN,4THSTINDIANAAVE,1,STOP SIGN,2021-09-08 09:30:00,
MONROE SD,M21A28848,MONROE,RICHLAND,BLOOMINGTON,1,0.0,1.0,0.0,0.0,750.0,N DANIELS,WAY,,,,N DANIELS,,,,,Y,,,,39.173888,-86.597983,OTHER,,N,N,URBAN,N,N,N,,DAYLIGHT,CLEAR,DRY,,NO JUNCTION INVOLVED,STRAIGHT/LEVEL,ASPHALT,PEDESTRIAN ACTION,UNDER $1001,OTHER - EXPLAIN IN NARRATIVE,NDANIELSWAY,1,NONE,2021-10-19 16:06:00,
BLOOMINGTON PD,B22-19109,MONROE,PERRY,BLOOMINGTON,1,,1.0,0.0,0.0,,E MILLER DR,,,,,E MILLER DR,,,,,Y,,0.0,,39.14750029,-86.5305293,,,,,URBAN,N,N,N,,DAYLIGHT,CLEAR,DRY,,NO JUNCTION INVOLVED,,ASPHALT,UNSAFE BACKING,UNDER $1001,BACKING CRASH,EMILLERDR,1,,2022-05-24 13:50:00,
INDIANA UNIV BLOOMINGTON PD,220626,MONROE,BLOOMINGTON,BLOOMINGTON,1,,1.0,0.0,0.0,,E 7TH ST,,,,,E 7TH ST,STADIUM DR,,,,Y,,0.0,,39.16885212,-86.51708133,LOCAL/CITY RD,,,,URBAN,N,N,N,,DAYLIGHT,RAIN,WET,,T-INTERSECTION,,ASPHALT,FAILURE TO YIELD RIGHT OF WAY,UNDER $1001,LEFT TURN,STADIUMDRE7THST,1,,2022-02-17 15:08:00,