Agency,Local Code,County,Township,City,Vehicles Involved,Trailers Involved,Number Injured,Number Dead,Number Deer,House Number,Roadway Name,Roadway Suffix,Roadway Number,Roadway Interchange,Roadway Ramp,Roadway Id,Intersecting Road,Intersecting Road Number,Mile Marker,Interchange,Corporate Limits?,Property Type,Feet From,Direction,Latitude,Longitude,Roadway Class,Traffic Control Devices?,Aggressive Driving?,Hit and Run?,Locality,School Zone?,Rumble Strips?,Construction?,Construction Type,Light Condition,Weather Conditions,Surface Condition,Type of Median,Roadway Junction Type,Road Character,Roadway Surface,Primary Factor,Damage Estimate,Manner of Collision,Unique Location Id,State Property Damage?,Traffic Control,DateTime,Address Number
ISP BLOOMINGTON 33,2.015E+11,MONROE,PERRY,BLOOMINGTON,1,0.0,1.0,0.0,0.0,,17TH,ST,,,,17TH,INDIANA,,,,Y,,50.0,E,39.1790197,-86.52705461,LOCAL/CITY RD,,N,N,URBAN,N,N,N,,DARK (LIGHTED),CLEAR,WET,,NO JUNCTION INVOLVED,STRAIGHT/LEVEL,ASPHALT,PEDESTRIAN ACTION,$1001 TO $2500,OTHER - EXPLAIN IN NARRATIVE,17THSTINDIANAAVE,1,LN CONTROL,2015-04-25 23:37:00,
MONROE SD,M15A9005,MONROE,CLEAR CREEK,BLOOMINGTON,1,0.0,1.0,0.0,0.0,,S ROGERS,ST,,,,S ROGERS,W CLEAR CREEK,,,,N,,372.0,S,39.07189666,-86.53976999,COUNTY RD,,N,N,URBAN,N,N,N,,DAYLIGHT,CLEAR,DRY,,NO JUNCTION INVOLVED,STRAIGHT/LEVEL,ASPHALT,PEDESTRIAN ACTION,UNDER $1001,OTHER - EXPLAIN IN NARRATIVE,SOUTHROGERSSTWESTCLEARCREEKRD,1,NONE,2015-05-03 19:18:00,
BLOOMINGTON PD,B1521929,MONROE,PERRY,BLOOMINGTON,1,0.0,1.0,0.0,0.0,3305.0,S ODELL,DR,,,,S ODELL,,,,,Y,,,,39.1264008,-86.52882926,OTHER,,N,N,URBAN,N,N,N,,DARK (LIGHTED),CLOUDY,DRY,,NO JUNCTION INVOLVED,STRAIGHT/LEVEL,ASPHALT,UNSAFE BACKING,UNDER $1001,BACKING CRASH,SODELLDR,1,NONE,2015-05-29 04:30:00,
MONROE SD,M15A13931,MONROE,BLOOMINGTON,BLOOMINGTON,1,0.0,1.0,0.0,0.0,,S WEIMER,RD,,,,S WEIMER,W TAPP,,,,N,,1000.0,N,39.24219879,-86.56199008,LOCAL/CITY RD,,N,Y,RURAL,N,N,N,,DAYLIGHT,CLEAR,DRY,,NO JUNCTION INVOLVED,STRAIGHT/LEVEL,ASPHALT,OTHER (DRIVER) - EXPLAIN IN NARRATIVE,,OTHER - EXPLAIN IN NARRATIVE,SWEIMERRDWTAPPRD,1,NONE,2015-07-04 16:36:00,
BLOOMINGTON PD,B1527873,MONROE,BLOOMINGTON,BLOOMINGTON,1,0.0,0.0,0.0,0.0,,COLLEGE,AVE,,,,COLLEGE,KIRKWOOD,,,,Y,,,,39.16664,-86.5348,LOCAL/CITY RD,Y,N,N,URBAN,N,N,N,,DAYLIGHT,CLOUDY,DRY,,FOUR-WAY INTERSECTION,STRAIGHT/LEVEL,ASPHALT,FAILURE TO YIELD RIGHT OF WAY,UNDER $1001,RIGHT TURN,COLLEGEAVEKIRKWOODAVE,1,TRAFFIC CONTROL SIGNAL,2015-07-07 08:52:00,
BLOOMINGTON PD,B1536403,MONROE,RICHLAND,BLOOMINGTON,1,0.0,1.0,0.0,0.0,,3RD,ST,,,,3RD,GATES,,,,Y,,,,0.0,0.0,LOCAL/CITY RD,,N,N,RURAL,N,N,N,,DARK (NOT LIGHTED),CLEAR,DRY,,NO JUNCTION INVOLVED,STRAIGHT/LEVEL,ASPHALT,PEDESTRIAN ACTION,$2501 TO $5000,OTHER - EXPLAIN IN NARRATIVE,3RDSTGATESDR,1,LN CONTROL,2015-08-29 06:27:00,
BLOOMINGTON PD,B1538190,MONROE,BLOOMINGTON,BLOOMINGTON,1,0.0,1.0,0.0,0.0,,3RD,ST,,,,3RD,MEADOWBROOK,,,,Y,,500.0,W,39.16424001,-86.48614805,LOCAL/CITY RD,,N,N,URBAN,N,N,N,,DARK (NOT LIGHTED),CLEAR,DRY,,NO JUNCTION INVOLVED,STRAIGHT/LEVEL,ASPHALT,PEDESTRIAN ACTION,$1001 TO $2500,OTHER - EXPLAIN IN NARRATIVE,3RDSTMEADOWBROOKRD,1,LN CONTROL,2015-09-08 23:03:00,
INDIANA UNIV BLOOMINGTON PD,152350,MONROE,BLOOMINGTON,BLOOMINGTON,1,0.0,1.0,0.0,0.0,,TENTH,ST,,,,TENTH,EAGLESON AVE,,,,Y,,,,0.0,0.0,LOCAL/CITY RD,,N,N,URBAN,N,N,N,,DAYLIGHT,CLEAR,DRY,NONE,FOUR-WAY INTERSECTION,STRAIGHT/GRADE,ASPHALT,PEDESTRIAN ACTION,UNDER $1001,OTHER - EXPLAIN IN NARRATIVE,EAGLESON AVEAVETENTHST,1,NONE,2015-09-17 17:19:00,
BLOOMINGTON PD,B1540293,MONROE,BLOOMINGTON,BLOOMINGTON,1,0.0,1.0,0.0,0.0,,E 10TH,ST,,,,E 10TH,N WASHINGTON,,,,Y,,,,39.171728,-86.5324,LOCAL/CITY RD,,N,N,URBAN,N,N,N,,DAWN/DUSK,CLEAR,DRY,,NO JUNCTION INVOLVED,STRAIGHT/LEVEL,CONCRETE,FAILURE TO YIELD RIGHT OF WAY,UNDER $1001,LEFT TURN,E 10THSTNWASHINGTONST,1,STOP SIGN,2015-09-21 19:30:00,
BLOOMINGTON PD,B1542250,MONROE,BLOOMINGTON,BLOOMINGTON,1,0.0,1.0,0.0,0.0,2455.0,N TAMARACK,TRL,,,,N TAMARACK,,,,,Y,,,,39.189968,-86.52128,OTHER,,N,N,URBAN,N,N,N,,DARK (NOT LIGHTED),CLOUDY,DRY,,NO JUNCTION INVOLVED,STRAIGHT/LEVEL,ASPHALT,UNSAFE BACKING,UNDER $1001,BACKING CRASH,NTAMARACKTRL,1,NONE,2015-10-03 20:19:00,
INDIANA UNIV BLOOMINGTON PD,152690,MONROE,BLOOMINGTON,BLOOMINGTON,1,0.0,1.0,0.0,0.0,,INDIANA,AVE,,,,INDIANA,FOURTH,,,,Y,,,,39.16555032,-86.52691014,LOCAL/CITY RD,,N,N,URBAN,N,N,N,,DAYLIGHT,CLEAR,DRY,NONE,FOUR-WAY INTERSECTION,STRAIGHT/LEVEL,ASPHALT,FAILURE TO YIELD RIGHT OF WAY,UNDER $1001,LEFT TURN,FOURTHSTINDIANAAVE,1,STOP SIGN,2015-10-13 13:14:00,
BLOOMINGTON PD,B1543760,MONROE,BLOOMINGTON,BLOOMINGTON,1,0.0,1.0,0.0,0.0,,4TH,ST,,,,4TH,GRANT,,,,Y,,,,39.165648,-86.529712,LOCAL/CITY RD,,N,N,URBAN,N,N,N,,DARK (LIGHTED),CLEAR,DRY,,FOUR-WAY INTERSECTION,STRAIGHT/GRADE,ASPHALT,HEADLIGHT DEFECTIVE OR NOT ON,UNDER $1001,RIGHT ANGLE,4THSTGRANTST,1,STOP SIGN,2015-10-13 21:32:00,
BLOOMINGTON PD,B1545323,MONROE,BLOOMINGTON,BLOOMINGTON,1,0.0,1.0,0.0,0.0,,2951 N BANKERS,DR,,,,N BANKERS,E RUSGAN,,,,Y,PRIVATE,500.0,S,39.200752,-86.532592,LOCAL/CITY RD,,N,N,URBAN,N,N,N,,DAYLIGHT,CLEAR,DRY,,NO JUNCTION INVOLVED,STRAIGHT/GRADE,ASPHALT,RAN OFF RD RIGHT,UNDER $1001,RAN OFF RD,2951NBANKERSDRERUSGANDR,1,NONE,2015-10-23 15:22:00,2951
INDIANA UNIV BLOOMINGTON PD,152900,MONROE,BLOOMINGTON,BLOOMINGTON,1,0.0,1.0,0.0,0.0,,LAW,LN,,,,LAW,EAGLESON AVE,,,,Y,,,,39.173552,-86.515488,LOCAL/CITY RD,Y,N,N,URBAN,N,N,N,,DAYLIGHT,RAIN,WET,,FOUR-WAY INTERSECTION,STRAIGHT/GRADE,ASPHALT,FAILURE TO YIELD RIGHT OF WAY,$2501 TO $5000,LEFT TURN,EAGLESON AVEAVELAWLN,1,TRAFFIC CONTROL SIGNAL,2015-10-28 16:30:00,
BLOOMINGTON PD,B1616389,MONROE,BLOOMINGTON,BLOOMINGTON,1,0.0,1.0,0.0,0.0,,KIRKWOOD,AVE,,,,KIRKWOOD,DUNN,,,,Y,,,,39.16664,-86.528192,LOCAL/CITY RD,,N,N,URBAN,N,N,N,,DAYLIGHT,RAIN,WET,,FOUR-WAY INTERSECTION,STRAIGHT/LEVEL,ASPHALT,FAILURE TO YIELD RIGHT OF WAY,UNDER $1001,COLLISION WITH OBJECT IN RD,DUNNSTKIRKWOODAVE,1,STOP SIGN,2016-04-30 13:53:00,
BLOOMINGTON PD,B1616546,MONROE,VAN BUREN,BLOOMINGTON,1,0.0,0.0,0.0,0.0,3205.0,W ST RD 45,RDS,,,,W ST RD 45,,,,,Y,,,,39.144969,-86.575233,LOCAL/CITY RD,,Y,Y,URBAN,N,N,N,,DAYLIGHT,CLOUDY,DRY,,NO JUNCTION INVOLVED,STRAIGHT/LEVEL,ASPHALT,OTHER (DRIVER) - EXPLAIN IN NARRATIVE,,SAME DIRECTION SIDESWIPE,WSTATERD45RDS,1,NONE,2016-05-01 15:40:00,
BLOOMINGTON PD,B1622555,MONROE,RICHLAND,BLOOMINGTON,1,0.0,1.0,0.0,0.0,,W 3RD,ST,,,,W 3RD,S LIBERTY,,,,Y,,,,39.16461021,-86.57913006,LOCAL/CITY RD,Y,N,N,URBAN,N,N,N,,DAYLIGHT,CLEAR,DRY,,FOUR-WAY INTERSECTION,STRAIGHT/LEVEL,ASPHALT,PEDESTRIAN ACTION,UNDER $1001,OTHER - EXPLAIN IN NARRATIVE,SLIBERTYDRW 3RDST,1,TRAFFIC CONTROL SIGNAL,2016-06-13 17:41:00,
INDIANA UNIV BLOOMINGTON PD,162403,MONROE,BLOOMINGTON,BLOOMINGTON,1,0.0,1.0,0.0,0.0,,FEE,LN,,,,FEE,LAW,,,,Y,,50.0,N,39.17418501,-86.51890791,LOCAL/CITY RD,,N,N,URBAN,N,N,N,,DAYLIGHT,CLEAR,DRY,,NO JUNCTION INVOLVED,STRAIGHT/LEVEL,ASPHALT,PEDESTRIAN ACTION,UNDER $1001,COLLISION WITH OBJECT IN RD,FEELNLAWLN,1,NONE,2016-10-04 14:30:00,
BLOOMINGTON PD,B1644227,MONROE,PERRY,BLOOMINGTON,1,0.0,1.0,0.0,0.0,275.0,E WINSLOW,RD,,,,E WINSLOW,,,,,Y,,,,39.136144,-86.524496,OTHER,,N,N,URBAN,N,N,N,,DARK (LIGHTED),CLEAR,DRY,,NO JUNCTION INVOLVED,STRAIGHT/LEVEL,ASPHALT,FAILURE TO YIELD RIGHT OF WAY,UNDER $1001,LEFT TURN,EWINSLOWRD,1,NONE,2016-11-02 19:10:00,
INDIANA UNIV BLOOMINGTON PD,171154,MONROE,BLOOMINGTON,BLOOMINGTON,1,0.0,1.0,0.0,0.0,,E 10TH,ST,,,,E 10TH,N CAMPBELL,,,,Y,,70.0,E,39.17159,-86.51394605,LOCAL/CITY RD,,N,N,URBAN,N,N,N,,DARK (LIGHTED),RAIN,WET,,NO JUNCTION INVOLVED,STRAIGHT/LEVEL,ASPHALT,PEDESTRIAN ACTION,$1001 TO $2500,COLLISION WITH OBJECT IN RD,E 10THSTNCAMPBELLST,1,NONE,2017-05-01 21:37:00,
BLOOMINGTON PD,B1718880,MONROE,PERRY,BLOOMINGTON,1,0.0,1.0,0.0,0.0,,BUICK CADILLAC,BLVD,,,,BUICK CADILLAC,COLLEGE MALL,,,,Y,,,,39.15816,-86.497792,LOCAL/CITY RD,,N,Y,URBAN,N,N,N,,DARK (NOT LIGHTED),CLEAR,DRY,,T-INTERSECTION,STRAIGHT/GRADE,ASPHALT,FAILURE TO YIELD RIGHT OF WAY,UNDER $1001,OTHER - EXPLAIN IN NARRATIVE,BUICKCADILLACBLVDCOLLEGEMALLRD,0,LN CONTROL,2017-05-16 00:00:00,
ISP BLOOMINGTON 33,2.017E+11,MONROE,BLOOMINGTON,BLOOMINGTON,1,0.0,1.0,1.0,0.0,,,,ST RD 46,,,ST RD 46,ARLINGTON,,,,Y,OTHER,220.0,W,39.18722954,-86.55218223,ST RD,,N,N,URBAN,N,N,N,,DAYLIGHT,CLEAR,DRY,,NO JUNCTION INVOLVED,CURVE/LEVEL,ASPHALT,RAN OFF RD RIGHT,$10001 TO $25000,RAN OFF RD,ARLINGTONRDST RD 46,1,LN CONTROL,2017-06-04 16:34:00,
BLOOMINGTON PD,B1734021,MONROE,BLOOMINGTON,BLOOMINGTON,1,0.0,0.0,0.0,0.0,,INDIANA,AVE,,,,INDIANA,COTTAGE GROVE,,,,Y,,,,39.17264,-86.52704,LOCAL/CITY RD,,N,N,URBAN,N,N,N,,DAYLIGHT,CLEAR,DRY,,INTERCHANGE,STRAIGHT/LEVEL,ASPHALT,FAILURE TO YIELD RIGHT OF WAY,UNDER $1001,LEFT TURN,COTTAGEGROVEAVEINDIANAAVE,1,STOP SIGN,2017-08-23 10:15:00,
INDIANA UNIV BLOOMINGTON PD,172078,MONROE,BLOOMINGTON,BLOOMINGTON,1,0.0,0.0,0.0,0.0,,N FEE,LN,,,,N FEE,E 10TH,,,,Y,,,,39.171584,-86.518688,LOCAL/CITY RD,Y,N,N,URBAN,Y,N,N,,DARK (LIGHTED),CLOUDY,WET,,T-INTERSECTION,STRAIGHT/LEVEL,ASPHALT,FAILURE TO YIELD RIGHT OF WAY,$1001 TO $2500,LEFT TURN,E 10THSTNFEELN,1,TRAFFIC CONTROL SIGNAL,2017-09-13 22:32:00,
MONROE SD,M17A28188,MONROE,VAN BUREN,BLOOMINGTON,1,0.0,0.0,0.0,0.0,,CONSTITUTION,AVE,,,,CONSTITUTION,S CURRY,,,,N,OTHER,,,39.15124,-86.58278,LOCAL/CITY RD,,N,N,URBAN,N,N,N,,DAYLIGHT,CLEAR,DRY,NONE,T-INTERSECTION,STRAIGHT/LEVEL,ASPHALT,PEDESTRIAN ACTION,UNDER $1001,OTHER - EXPLAIN IN NARRATIVE,CONSTITUTIONAVESCURRYPK,1,LN CONTROL,2017-11-22 17:14:00,
INDIANA UNIV BLOOMINGTON PD,180297,MONROE,BLOOMINGTON,BLOOMINGTON,1,0.0,0.0,0.0,0.0,,ATWATER,AVE,,,,ATWATER,HAWTHORNE,,,,Y,,,,39.16309,-86.52021,LOCAL/CITY RD,,N,N,URBAN,N,N,N,,DAYLIGHT,CLEAR,DRY,,T-INTERSECTION,STRAIGHT/LEVEL,ASPHALT,FAILURE TO YIELD RIGHT OF WAY,UNDER $1001,LEFT TURN,ATWATERAVEHAWTHORNEDR,1,STOP SIGN,2018-01-30 09:18:00,
BLOOMINGTON PD,B1804740,MONROE,BLOOMINGTON,BLOOMINGTON,1,0.0,1.0,0.0,0.0,2621.0,E 3RD,ST,,,,E 3RD,,,,,Y,,,,39.16426547,-86.5008578,OTHER,,N,N,URBAN,N,N,N,,DAYLIGHT,CLOUDY,DRY,,NO JUNCTION INVOLVED,NON-RDWAY CRASH,CONCRETE,OTHER (VEHICLE) - EXPLAIN IN NARRATIVE,$5001 TO $10000,OTHER - EXPLAIN IN NARRATIVE,E 3RDST,1,NONE,2018-02-05 12:02:00,
BLOOMINGTON PD,B1816235,MONROE,BLOOMINGTON,BLOOMINGTON,1,0.0,2.0,0.0,0.0,,COLLEGE,AVE,,,,COLLEGE,4TH,,,,Y,,,,39.165664,-86.5348,LOCAL/CITY RD,Y,N,N,URBAN,N,N,N,,DARK (NOT LIGHTED),CLEAR,DRY,,FOUR-WAY INTERSECTION,STRAIGHT/LEVEL,ASPHALT,FAILURE TO YIELD RIGHT OF WAY,UNDER $1001,COLLISION WITH OBJECT IN RD,4THSTCOLLEGEAVE,2,TRAFFIC CONTROL SIGNAL,2018-04-28 23:11:00,
BLOOMINGTON PD,B1817781,MONROE,BLOOMINGTON,BLOOMINGTON,1,0.0,1.0,0.0,0.0,,W 6TH,ST,,,,W 6TH,N COLLEGE,,,,Y,,,,39.167648,-86.534784,LOCAL/CITY RD,Y,N,N,URBAN,N,N,N,,DAYLIGHT,CLEAR,DRY,,FOUR-WAY INTERSECTION,STRAIGHT/LEVEL,ASPHALT,FAILURE TO YIELD RIGHT OF WAY,UNDER $1001,LEFT TURN,NCOLLEGEAVEW6THST,1,TRAFFIC CONTROL SIGNAL,2018-05-02 17:43:00,
MONROE SD,M18A19202,MONROE,PERRY,BLOOMINGTON,1,0.0,1.0,0.0,0.0,315.0,W GORDON,PK,,,,W GORDON,,,,,N,,,,39.12154418,-86.53386009,OTHER,,N,N,URBAN,N,N,N,,DAYLIGHT,CLEAR,DRY,,NO JUNCTION INVOLVED,STRAIGHT/GRADE,ASPHALT,PEDESTRIAN ACTION,UNDER $1001,OTHER - EXPLAIN IN NARRATIVE,WGORDONPK,1,NONE,2018-06-30 11:57:00,
INDIANA UNIV BLOOMINGTON PD,181785,MONROE,BLOOMINGTON,BLOOMINGTON,1,0.0,1.0,0.0,0.0,,ATWATER,AVE,,,,E ATWATER,HAWTHORNE,,,,Y,,,,39.16309,-86.52021,LOCAL/CITY RD,,N,N,URBAN,N,N,N,,DAYLIGHT,CLEAR,DRY,,FOUR-WAY INTERSECTION,STRAIGHT/LEVEL,ASPHALT,FAILURE TO YIELD RIGHT OF WAY,UNDER $1001,LEFT TURN,EATWATERAVESHAWTHORNEDR,1,STOP SIGN,2018-08-23 10:52:00,
BLOOMINGTON PD,B1844592,MONROE,BLOOMINGTON,BLOOMINGTON,1,0.0,1.0,0.0,0.0,,1ST,ST,,,,W 1ST,BLINE TRAIL,,,,Y,,,,0.0,0.0,LOCAL/CITY RD,,N,N,URBAN,N,N,N,,DAYLIGHT,CLEAR,DRY,,FOUR-WAY INTERSECTION,STRAIGHT/GRADE,ASPHALT,FAILURE TO YIELD RIGHT OF WAY,UNDER $1001,RIGHT ANGLE,BLINETRAILTRLW1STST,1,NONE,2018-10-10 13:30:00,
INDIANA UNIV BLOOMINGTON PD,182680,MONROE,BLOOMINGTON,BLOOMINGTON,1,0.0,1.0,0.0,0.0,,,,ST RD 45,,,ST RD 45,,ST RD 46,,,Y,,,,39.18686,-86.546655,ST RD,Y,N,N,URBAN,N,Y,N,,DARK (NOT LIGHTED),CLEAR,DRY,,FOUR-WAY INTERSECTION,STRAIGHT/LEVEL,ASPHALT,CELL PHONE USAGE,UNDER $1001,COLLISION WITH OBJECT IN RD,ST RD 45ST RD 46,1,TRAFFIC CONTROL SIGNAL,2018-11-03 20:00:00,
BLOOMINGTON PD,B1851079,MONROE,BLOOMINGTON,BLOOMINGTON,1,0.0,1.0,0.0,0.0,,COLLEGE MALL,RD,,,,COLLEGE MALL,ENTRANCE TO EASTLAND PLAZA,,,,Y,,,,0.0,0.0,LOCAL/CITY RD,Y,N,N,URBAN,N,N,N,,DARK (LIGHTED),RAIN,WET,,FOUR-WAY INTERSECTION,STRAIGHT/GRADE,ASPHALT,FAILURE TO YIELD RIGHT OF WAY,UNDER $1001,COLLISION WITH OBJECT IN RD,COLLEGEMALLRDENTRANCETOEASTLANDPLAZARD,1,TRAFFIC CONTROL SIGNAL,2018-12-15 19:40:00,
MONROE SD,M19A778,MONROE,RICHLAND,BLOOMINGTON,2,0.0,1.0,0.0,0.0,4111.0,VERNAL,PK,,,,W VERNAL,,,,,N,,,,39.17753,-86.58026,OTHER,,N,N,URBAN,N,N,N,,DARK (LIGHTED),CLEAR,DRY,,NO JUNCTION INVOLVED,STRAIGHT/LEVEL,ASPHALT,UNSAFE BACKING,UNDER $1001,SAME DIRECTION SIDESWIPE,WESTVERNALPK,1,NONE,2019-01-07 23:11:00,
BLOOMINGTON PD,B1901319,MONROE,BLOOMINGTON,BLOOMINGTON,1,0.0,1.0,0.0,0.0,501.0,MULLER,PKWY,,,,W MULLER,,,,,Y,,,,39.16182463,-86.56729524,LOCAL/CITY RD,,,Y,URBAN,N,N,N,,DARK (NOT LIGHTED),CLEAR,DRY,,NO JUNCTION INVOLVED,CURVE/GRADE,ASPHALT,UNSAFE LN MOVEMENT,UNDER $1001,OTHER - EXPLAIN IN NARRATIVE,WMULLERPKWY,1,NONE,2019-01-09 23:15:00,
BLOOMINGTON PD,B1935103,MONROE,VAN BUREN,BLOOMINGTON,1,0.0,1.0,0.0,0.0,,PATTERSON,DR,,,,PATTERSON,2ND,,,,Y,,125.0,S,39.14754324,-86.54849,LOCAL/CITY RD,,N,N,URBAN,N,N,N,,DARK (LIGHTED),CLOUDY,WET,,NO JUNCTION INVOLVED,STRAIGHT/LEVEL,ASPHALT,PEDESTRIAN ACTION,$5001 TO $10000,COLLISION WITH OBJECT IN RD,2NDSTPATTERSONDR,1,LN CONTROL,2019-08-22 22:17:00,
BLOOMINGTON PD,B1949489,MONROE,BLOOMINGTON,BLOOMINGTON,1,0.0,1.0,0.0,0.0,,COLLEGE MALL,RD,,,,S COLLEGE MALL,BUICK CADILLAC,,,,Y,,,,39.15811,-86.49789,LOCAL/CITY RD,Y,N,N,URBAN,N,N,N,,DAYLIGHT,CLEAR,DRY,,FOUR-WAY INTERSECTION,STRAIGHT/LEVEL,CONCRETE,FAILURE TO YIELD RIGHT OF WAY,UNDER $1001,LEFT TURN,EBUICKCADILLACBLVDSCOLLEGEMALLRD,1,TRAFFIC CONTROL SIGNAL,2019-11-25 14:05:00,
INDIANA UNIV BLOOMINGTON PD,192994,MONROE,BLOOMINGTON,BLOOMINGTON,1,0.0,0.0,0.0,0.0,,EAGLESON AVE,AVE,,,,EAGLESON AVE,TENTH,,,,Y,,,,,,LOCAL/CITY RD,Y,N,N,URBAN,N,N,N,,DARK (NOT LIGHTED),SLEET/HAIL/FREEZING RAIN,WET,,FOUR-WAY INTERSECTION,STRAIGHT/LEVEL,ASPHALT,PEDESTRIAN ACTION,$1001 TO $2500,LEFT TURN,EAGLESON AVEAVETENTHST,1,TRAFFIC CONTROL SIGNAL,2019-12-16 22:05:00,
INDIANA UNIV BLOOMINGTON PD,200680,MONROE,BLOOMINGTON,BLOOMINGTON,1,0.0,1.0,0.0,0.0,,E 7TH,ST,,,,E 7TH,N FORREST,,,,Y,,532.0,E,39.16847,-86.52113602,LOCAL/CITY RD,,N,N,URBAN,N,N,N,,DARK (NOT LIGHTED),SNOW,DRY,,T-INTERSECTION,STRAIGHT/LEVEL,ASPHALT,OTHER (ENVIRONMENTAL) - EXPLAIN IN NARR,UNDER $1001,OTHER - EXPLAIN IN NARRATIVE,E7THSTNFORRESTAVE,1,NONE,2020-03-06 06:43:00,
BLOOMINGTON PD,B20-20347,MONROE,PERRY,BLOOMINGTON,1,0.0,1.0,0.0,0.0,,S WALNUT,ST,,,,S WALNUT,E BURKS,,,,Y,,150.0,S,39.1108237,-86.53137,LOCAL/CITY RD,,N,Y,URBAN,N,N,N,,DARK (NOT LIGHTED),CLEAR,DRY,,T-INTERSECTION,STRAIGHT/LEVEL,ASPHALT,PEDESTRIAN ACTION,$2501 TO $5000,COLLISION WITH OBJECT IN RD,EBURKSDRSWALNUTST,1,STOP SIGN,2020-06-03 01:01:00,
INDIANA UNIV BLOOMINGTON PD,201786,MONROE,BLOOMINGTON,BLOOMINGTON,2,0.0,1.0,1.0,0.0,,INDIANA,AVE,,,,INDIANA,3RD,,,,Y,,,,,,LOCAL/CITY RD,Y,N,N,URBAN,N,N,N,,DAYLIGHT,CLEAR,DRY,,T-INTERSECTION,STRAIGHT/LEVEL,ASPHALT,DISREGARD SIGNAL/REG SIGN,$10001 TO $25000,RIGHT ANGLE,INDIANAAVE 3RDST,1,TRAFFIC CONTROL SIGNAL,2020-09-29 09:30:00,
BLOOMINGTON PD,B20-36072,MONROE,BLOOMINGTON,BLOOMINGTON,1,0.0,1.0,0.0,0.0,,E 7TH,ST,,,,E 7TH,N WALNUT,,,,Y,,,,39.16864,-86.533568,LOCAL/CITY RD,Y,N,N,URBAN,N,N,N,,DAYLIGHT,CLEAR,DRY,,FOUR-WAY INTERSECTION,STRAIGHT/GRADE,ASPHALT,PEDESTRIAN ACTION,UNDER $1001,OTHER - EXPLAIN IN NARRATIVE,E7THSTNWALNUTST,1,TRAFFIC CONTROL SIGNAL,2020-10-05 18:30:00,
INDIANA UNIV BLOOMINGTON PD,202458,MONROE,PERRY,BLOOMINGTON,1,0.0,1.0,0.0,0.0,,WOODLAWN,AVE,,,,WOODLAWN,ATWATER,,,,Y,,,,,,LOCAL/CITY RD,Y,N,N,URBAN,N,N,N,,DAYLIGHT,CLEAR,DRY,,FOUR-WAY INTERSECTION,STRAIGHT/LEVEL,ASPHALT,FAILURE TO YIELD RIGHT OF WAY,$1001 TO $2500,LEFT TURN,ATWATERAVEWOODLAWNAVE,1,TRAFFIC CONTROL SIGNAL,2020-12-10 11:33:00,
BLOOMINGTON PD,B21-17001,MONROE,PERRY,BLOOMINGTON,1,0.0,1.0,0.0,0.0,505.0,E NORTH,DR,,,,E NORTH,,,,,Y,,,,39.14483232,-86.52738101,LOCAL/CITY RD,,N,N,URBAN,Y,N,N,,DAYLIGHT,CLEAR,DRY,,T-INTERSECTION,STRAIGHT/LEVEL,ASPHALT,UNSAFE BACKING,$1001 TO $2500,BACKING CRASH,ENORTHDR,1,NONE,2021-05-24 15:20:00,
MONROE SD,M22A7471,MONROE,VAN BUREN,BLOOMINGTON,3,,0.0,0.0,0.0,,N OARD,,,,,N OARD,,,48.0,,N,,0.0,,39.16500289,-86.62020154,LOCAL/CITY RD,,,,RURAL,N,N,N,,DAYLIGHT,CLEAR,DRY,,NO JUNCTION INVOLVED,,ASPHALT,UNSAFE BACKING,$50001 TO $100000,BACKING CRASH,NOARDRD48,0,,2022-04-02 08:40:00,
BLOOMINGTON PD,B22-46158,MONROE,PERRY,BLOOMINGTON,1,,4.0,0.0,0.0,,885 S COLLEGE MALL RD,,,,,S COLLEGE MALL RD,,,,,Y,,0.0,,0.0,0.0,PRIVATE DR,,,,URBAN,N,N,N,,DAYLIGHT,CLEAR,DRY,,NO JUNCTION INVOLVED,,ASPHALT,OTHER (DRIVER) - EXPLAIN IN NARRATIVE,$25001 TO $50000,RAN OFF RD,885S.COLLEGEMALLRD,4,,2022-11-04 11:06:00,885
INDIANA UNIV BLOOMINGTON PD,223806,MONROE,BLOOMINGTON,BLOOMINGTON,1,,1.0,0.0,0.0,,S BALLANTINE RD,,,,,S BALLANTINE RD,E ATWATER AVE,,,,Y,,317.0,,39.16363346,-86.51909164,LOCAL/CITY RD,,,,URBAN,N,N,N,,DARK (NOT LIGHTED),CLEAR,DRY,,NO JUNCTION INVOLVED,,ASPHALT,DRIVER DISTRACTED - EXPLAIN IN NARRATIVE,UNDER $1001,OTHER - EXPLAIN IN NARRATIVE,SBALLANTINERDEATWATERAVE,1,,2022-10-07 22:10:00,