Agency,Local Code,County,Township,City,Vehicles Involved,Trailers Involved,Number Injured,Number Dead,Number Deer,House Number,Roadway Name,Roadway Suffix,Roadway Number,Roadway Interchange,Roadway Ramp,Roadway Id,Intersecting Road,Intersecting Road Number,Mile Marker,Interchange,Corporate Limits?,Property Type,Feet From,Direction,Latitude,Longitude,Roadway Class,Traffic Control Devices?,Aggressive Driving?,Hit and Run?,Locality,School Zone?,Rumble Strips?,Construction?,Construction Type,Light Condition,Weather Conditions,Surface Condition,Type of Median,Roadway Junction Type,Road Character,Roadway Surface,Primary Factor,Damage Estimate,Manner of Collision,Unique Location Id,State Property Damage?,Traffic Control,DateTime,Address Number
BLOOMINGTON PD,B1545462,MONROE,BLOOMINGTON,BLOOMINGTON,1,0.0,1.0,0.0,0.0,,,,ST RD 4546 W,,,ST RD 4546 W,KINSER,,,,Y,,,,39.186544,-86.537888,ST RD,Y,N,N,URBAN,N,Y,N,,DAYLIGHT,CLOUDY,DRY,,FOUR-WAY INTERSECTION,STRAIGHT/GRADE,CONCRETE,PEDESTRIAN ACTION,$1001 TO $2500,LEFT TURN,KINSERPKST RD 4546 W,1,TRAFFIC CONTROL SIGNAL,2015-10-24 08:10:00,
INDIANA UNIV BLOOMINGTON PD,153190,MONROE,BLOOMINGTON,BLOOMINGTON,1,0.0,1.0,0.0,0.0,,E 10TH,ST,,,,E 10TH,JOHN HINKLE,,,,Y,OTHER,1000.0,E,39.171504,-86.49296,LOCAL/CITY RD,,N,Y,URBAN,N,N,N,,DARK (NOT LIGHTED),RAIN,WET,,NO JUNCTION INVOLVED,CURVE/LEVEL,ASPHALT,FAILURE TO YIELD RIGHT OF WAY,$1001 TO $2500,OTHER - EXPLAIN IN NARRATIVE,E 10THSTJOHNHINKLEPL,1,NONE,2015-11-17 19:02:00,
BLOOMINGTON PD,B1553475,MONROE,RICHLAND,BLOOMINGTON,1,0.0,1.0,0.0,0.0,,W JACOB,DR,,,,W JACOB,N GATES,,,,Y,,50.0,E,39.16562006,-86.57600425,LOCAL/CITY RD,,N,N,URBAN,N,N,N,,DAYLIGHT,CLEAR,DRY,,FOUR-WAY INTERSECTION,STRAIGHT/LEVEL,ASPHALT,FAILURE TO YIELD RIGHT OF WAY,UNDER $1001,RIGHT ANGLE,NGATESDRWJACOBDR,1,STOP SIGN,2015-12-19 14:10:00,
BLOOMINGTON PD,B1603244,MONROE,BLOOMINGTON,BLOOMINGTON,1,0.0,1.0,0.0,0.0,,WALNUT,ST,,,,WALNUT,2ND,,,,Y,,,,39.16140027,-86.53362974,LOCAL/CITY RD,Y,N,N,URBAN,N,N,N,,DAYLIGHT,CLEAR,DRY,,FOUR-WAY INTERSECTION,STRAIGHT/LEVEL,ASPHALT,PEDESTRIAN ACTION,UNDER $1001,OTHER - EXPLAIN IN NARRATIVE,2NDSTWALNUTST,1,TRAFFIC CONTROL SIGNAL,2016-01-25 15:50:00,
BLOOMINGTON PD,B1614362,MONROE,BLOOMINGTON,BLOOMINGTON,1,0.0,1.0,0.0,0.0,,,,ST RD 46 W,,,ST RD 46 W,N KINSER,,,,Y,,,,39.186544,-86.537888,ST RD,Y,N,N,URBAN,N,N,N,,DAYLIGHT,CLEAR,DRY,,FOUR-WAY INTERSECTION,STRAIGHT/LEVEL,ASPHALT,IMPROPER TURNING,UNDER $1001,RIGHT ANGLE,NKINSERPKST RD 46 W,1,TRAFFIC CONTROL SIGNAL,2016-04-16 11:00:00,
BLOOMINGTON PD,B1615036,MONROE,VAN BUREN,BLOOMINGTON,1,0.0,1.0,0.0,0.0,,S LIBERTY,DR,,,,S LIBERTY,W 3RD,,,,Y,,800.0,S,39.08001465,-86.57913006,LOCAL/CITY RD,,N,Y,URBAN,N,N,N,,DAYLIGHT,CLEAR,DRY,,NO JUNCTION INVOLVED,STRAIGHT/LEVEL,ASPHALT,PEDESTRIAN ACTION,UNDER $1001,OTHER - EXPLAIN IN NARRATIVE,SOUTHLIBERTYDRWEST3RDST,1,NONE,2016-04-20 15:30:00,
BLOOMINGTON PD,B1627476,MONROE,PERRY,BLOOMINGTON,1,0.0,1.0,0.0,0.0,106.0,N ROGERS,ST,,,,N ROGERS,,,,,Y,,,,39.16472,-86.538592,OTHER,,N,N,URBAN,N,N,N,,DAYLIGHT,RAIN,WET,,NO JUNCTION INVOLVED,STRAIGHT/LEVEL,ASPHALT,UNSAFE BACKING,UNDER $1001,BACKING CRASH,NROGERSST,1,NONE,2016-07-18 08:40:00,
BLOOMINGTON PD,B1630307,MONROE,BLOOMINGTON,BLOOMINGTON,1,0.0,1.0,0.0,0.0,,N WALNUT,ST,,,,N WALNUT,W FIFTH,,,,Y,,,,40.74798507,-86.08583952,LOCAL/CITY RD,Y,N,Y,URBAN,N,N,N,,DAYLIGHT,CLEAR,DRY,,T-INTERSECTION,STRAIGHT/LEVEL,ASPHALT,FAILURE TO YIELD RIGHT OF WAY,UNDER $1001,LEFT TURN,NWALNUTSTWFIFTHST,1,TRAFFIC CONTROL SIGNAL,2016-08-05 19:10:00,
INDIANA UNIV BLOOMINGTON PD,161808,MONROE,BLOOMINGTON,BLOOMINGTON,1,0.0,0.0,0.0,0.0,,,,ST RD 4546E,,,ST RD 4546E,FEE,,,,Y,OTHER,100.0,E,39.186032,-86.51984,ST RD,,N,N,URBAN,N,N,N,,DARK (NOT LIGHTED),CLEAR,DRY,CURBED,NO JUNCTION INVOLVED,STRAIGHT/LEVEL,ASPHALT,PEDESTRIAN ACTION,UNDER $1001,RIGHT ANGLE,FEELNST RD 4546E,1,NONE,2016-08-20 00:07:00,
BLOOMINGTON PD,B1642258,MONROE,BLOOMINGTON,BLOOMINGTON,1,0.0,1.0,0.0,0.0,,WALNUT,ST,,,,WALNUT,MILLER,,,,Y,,,,39.14689019,-86.53265006,LOCAL/CITY RD,Y,N,N,URBAN,N,N,N,,DAYLIGHT,CLEAR,DRY,,T-INTERSECTION,STRAIGHT/LEVEL,ASPHALT,FAILURE TO YIELD RIGHT OF WAY,UNDER $1001,COLLISION WITH OBJECT IN RD,MILLERDRWALNUTST,1,TRAFFIC CONTROL SIGNAL,2016-10-21 08:11:00,
BLOOMINGTON PD,B1642560,MONROE,BLOOMINGTON,BLOOMINGTON,1,0.0,1.0,0.0,0.0,,W 7TH,ST,,,,W 7TH,S COLLEGE,,,,Y,,,,39.168656,-86.534784,LOCAL/CITY RD,Y,N,N,URBAN,N,N,N,,DAYLIGHT,CLEAR,DRY,,NO JUNCTION INVOLVED,STRAIGHT/LEVEL,ASPHALT,UNSAFE BACKING,UNDER $1001,BACKING CRASH,SCOLLEGEAVEW7THST,1,TRAFFIC CONTROL SIGNAL,2016-10-23 13:38:00,
BLOOMINGTON PD,B1703406,MONROE,PERRY,BLOOMINGTON,1,0.0,1.0,0.0,0.0,2443.0,S WALNUT ST,PK,,,,S WALNUT ST,,,,,Y,,,,39.137072,-86.529616,LOCAL/CITY RD,,N,N,URBAN,N,N,N,,DARK (NOT LIGHTED),CLEAR,DRY,,T-INTERSECTION,STRAIGHT/GRADE,ASPHALT,FAILURE TO YIELD RIGHT OF WAY,UNDER $1001,OTHER - EXPLAIN IN NARRATIVE,SWALNUTSTPK,1,NONE,2017-01-28 18:56:00,
MONROE SD,M17A6066,MONROE,VAN BUREN,BLOOMINGTON,2,0.0,1.0,0.0,1.0,,,,ST RD 45 W,,,ST RD 45 W,S BUNGER,,,,N,,600.0,E,39.13041717,-86.60271289,ST RD,,N,Y,RURAL,N,N,N,,DARK (NOT LIGHTED),CLEAR,DRY,,NO JUNCTION INVOLVED,STRAIGHT/LEVEL,ASPHALT,ANIMAL/OBJECT IN RDWAY,$5001 TO $10000,COLLISION WITH DEER,SBUNGERRDST RD 45 W,0,NONE,2017-03-20 05:16:00,
INDIANA UNIV BLOOMINGTON PD,171746,MONROE,BLOOMINGTON,BLOOMINGTON,1,0.0,0.0,0.0,0.0,,EAGLESON AVE,AVE,,,,EAGLESON AVE,JONES,,,,Y,,,,39.165205,-86.51642,LOCAL/CITY RD,,N,N,URBAN,N,N,N,,DAYLIGHT,CLEAR,DRY,,NO JUNCTION INVOLVED,STRAIGHT/LEVEL,ASPHALT,OTHER (DRIVER) - EXPLAIN IN NARRATIVE,UNDER $1001,OTHER - EXPLAIN IN NARRATIVE,JONESAVEEAGLESON AVEAVE,1,NONE,2017-08-21 10:42:00,
BLOOMINGTON PD,B1740922,MONROE,PERRY,BLOOMINGTON,1,0.0,1.0,0.0,0.0,,ROGERS,ST,,,,ROGERS,1ST,,,,Y,,,,39.159504,-86.538592,LOCAL/CITY RD,,N,N,URBAN,N,N,N,,DARK (NOT LIGHTED),RAIN,WET,NONE,FOUR-WAY INTERSECTION,STRAIGHT/LEVEL,ASPHALT,OTHER (ENVIRONMENTAL) - EXPLAIN IN NARR,UNDER $1001,LEFT TURN,1STSTROGERSST,1,STOP SIGN,2017-10-05 06:30:00,
INDIANA UNIV BLOOMINGTON PD,172351,MONROE,BLOOMINGTON,BLOOMINGTON,1,0.0,1.0,0.0,0.0,,E 10TH,ST,,,,E 10TH,N UNION,,,,Y,,,,39.171472,-86.509376,LOCAL/CITY RD,Y,N,N,URBAN,N,N,N,,DAYLIGHT,CLOUDY,DRY,,FOUR-WAY INTERSECTION,STRAIGHT/LEVEL,ASPHALT,FAILURE TO YIELD RIGHT OF WAY,UNDER $1001,LEFT TURN,E 10THSTNUNIONST,1,TRAFFIC CONTROL SIGNAL,2017-10-05 14:05:00,
INDIANA UNIV BLOOMINGTON PD,172420,MONROE,BLOOMINGTON,BLOOMINGTON,1,0.0,2.0,0.0,0.0,,E 17TH,ST,,,,E 17TH,N FEE,,,,Y,,120.0,W,39.178928,-86.518992,LOCAL/CITY RD,,N,N,URBAN,N,N,N,,DARK (LIGHTED),CLEAR,DRY,,NO JUNCTION INVOLVED,STRAIGHT/LEVEL,ASPHALT,FAILURE TO YIELD RIGHT OF WAY,$1001 TO $2500,COLLISION WITH OBJECT IN RD,E17THSTNFEELN,2,OTHER,2017-10-12 19:56:00,
BLOOMINGTON PD,B18-03369,MONROE,BLOOMINGTON,BLOOMINGTON,1,0.0,1.0,0.0,0.0,,WALNUT,ST,,,,WALNUT,8TH,,,,Y,,,,39.169552,-86.533552,LOCAL/CITY RD,,,Y,URBAN,N,N,N,,DARK (LIGHTED),CLEAR,DRY,,FOUR-WAY INTERSECTION,STRAIGHT/GRADE,ASPHALT,FAILURE TO YIELD RIGHT OF WAY,UNDER $1001,OTHER - EXPLAIN IN NARRATIVE,8THSTWALNUTST,1,NONE,2018-01-26 00:39:00,
BLOOMINGTON PD,B1818431,MONROE,BLOOMINGTON,BLOOMINGTON,2,0.0,1.0,0.0,0.0,,S MADISON,ST,,,,S MADISON,W 3RD,,,,Y,,150.0,N,39.164704,-86.537296,LOCAL/CITY RD,,N,N,URBAN,N,N,N,,DAYLIGHT,CLEAR,DRY,,NO JUNCTION INVOLVED,STRAIGHT/GRADE,ASPHALT,UNSAFE BACKING,UNDER $1001,BACKING CRASH,SMADISONSTW 3RDST,1,NONE,2018-05-06 18:18:00,
BLOOMINGTON PD,B1829945,MONROE,BLOOMINGTON,BLOOMINGTON,1,0.0,1.0,0.0,0.0,,W 1ST,ST,,,,W 1ST,S MORTON,,,,Y,,,,39.15939,-86.5363,LOCAL/CITY RD,,N,N,URBAN,N,N,N,,DAYLIGHT,CLEAR,DRY,,FOUR-WAY INTERSECTION,STRAIGHT/LEVEL,ASPHALT,PEDESTRIAN ACTION,UNDER $1001,OTHER - EXPLAIN IN NARRATIVE,SMORTONSTW1STST,1,STOP SIGN,2018-07-26 16:37:00,
BLOOMINGTON PD,B1830103,MONROE,PERRY,BLOOMINGTON,1,0.0,1.0,0.0,0.0,1602.0,S WALNUT,ST,,,,S WALNUT,,,,,Y,,,,39.14982139,-86.53338645,OTHER,,N,N,URBAN,N,N,N,,DAYLIGHT,CLEAR,DRY,,NO JUNCTION INVOLVED,STRAIGHT/LEVEL,ASPHALT,FAILURE TO YIELD RIGHT OF WAY,UNDER $1001,OTHER - EXPLAIN IN NARRATIVE,SWALNUTST,1,NONE,2018-07-27 18:02:00,
BLOOMINGTON PD,B1850469,MONROE,PERRY,BLOOMINGTON,1,0.0,1.0,0.0,0.0,2894.0,E 3RD,ST,,,,E 3RD,,,,,Y,,,,39.16423861,-86.49522852,LOCAL/CITY RD,,N,N,URBAN,N,N,N,,DAYLIGHT,CLEAR,DRY,,NO JUNCTION INVOLVED,STRAIGHT/GRADE,ASPHALT,DRIVER DISTRACTED - EXPLAIN IN NARRATIVE,UNDER $1001,COLLISION WITH OBJECT IN RD,E 3RDST,1,NONE,2018-12-11 13:40:00,
BLOOMINGTON PD,B1851715,MONROE,BLOOMINGTON,BLOOMINGTON,1,0.0,0.0,1.0,0.0,,3RD,ST,,,,W 3RD,RUNKLE,,,,Y,,,,0.0,0.0,LOCAL/CITY RD,,N,N,URBAN,N,N,N,,DARK (NOT LIGHTED),RAIN,WET,,NO JUNCTION INVOLVED,STRAIGHT/LEVEL,ASPHALT,PEDESTRIAN ACTION,$2501 TO $5000,COLLISION WITH OBJECT IN RD,RUNKLELNW 3RDST,1,NONE,2018-12-21 18:04:00,
BLOOMINGTON PD,B1901297,MONROE,BLOOMINGTON,BLOOMINGTON,1,0.0,1.0,0.0,0.0,,3RD,ST,,,,W 3RD,LANDMARK,,,,Y,,,,39.16443,-86.55631,LOCAL/CITY RD,Y,N,N,URBAN,N,N,N,,DARK (LIGHTED),CLEAR,DRY,,FOUR-WAY INTERSECTION,STRAIGHT/LEVEL,ASPHALT,PEDESTRIAN ACTION,UNDER $1001,OTHER - EXPLAIN IN NARRATIVE,SLANDMARKAVEW 3RDST,1,TRAFFIC CONTROL SIGNAL,2019-01-09 21:00:00,
BLOOMINGTON PD,B1940739,MONROE,PERRY,BLOOMINGTON,1,0.0,0.0,1.0,0.0,,WALNUT,ST,,,,WALNUT,E 3RD,,,,Y,,190.0,S,39.16411815,-86.5336,LOCAL/CITY RD,,N,N,URBAN,N,N,N,,DAYLIGHT,CLEAR,DRY,,NO JUNCTION INVOLVED,STRAIGHT/LEVEL,ASPHALT,PEDESTRIAN ACTION,UNDER $1001,RIGHT TURN,E 3RDSTWALNUTST,1,NONE,2019-09-26 11:44:00,
INDIANA UNIV BLOOMINGTON PD,192631,MONROE,BLOOMINGTON,BLOOMINGTON,1,0.0,2.0,0.0,0.0,,,,ST RD 45N,,,ST RD 45N,10TH,,,,Y,,,,39.176848,-86.478192,ST RD,Y,N,N,URBAN,N,N,N,,DARK (NOT LIGHTED),CLEAR,DRY,,FOUR-WAY INTERSECTION,STRAIGHT/LEVEL,ASPHALT,FAILURE TO YIELD RIGHT OF WAY,$2501 TO $5000,LEFT/RIGHT TURN,10THSTST RD 45N,1,TRAFFIC CONTROL SIGNAL,2019-11-05 23:43:00,
ISP BLOOMINGTON 33,2.019E+11,MONROE,VAN BUREN,BLOOMINGTON,2,,1.0,0.0,0.0,3923.0,W 3RD ST,,,,,W 3RD ST,,,,,Y,,370.0,E,39.16436149,-86.5821943,PRIVATE DR,,,,URBAN,N,N,N,,DAYLIGHT,CLOUDY,WET,,NO JUNCTION INVOLVED,,ASPHALT,UNSAFE BACKING,UNDER $1001,BACKING CRASH,W 3RDST,0,,2019-11-20 09:10:00,
INDIANA UNIV BLOOMINGTON PD,192955,MONROE,BLOOMINGTON,BLOOMINGTON,1,0.0,1.0,0.0,0.0,,ATWATER,AVE,,,,E ATWATER,FESS,,,,Y,,,,0.0,0.0,LOCAL/CITY RD,,N,N,URBAN,N,N,N,,DAYLIGHT,CLOUDY,DRY,,FOUR-WAY INTERSECTION,STRAIGHT/LEVEL,ASPHALT,VIEW OBSTRUCTED,$1001 TO $2500,LEFT TURN,EATWATERAVESFESSAVE,1,STOP SIGN,2019-12-13 08:05:00,
BLOOMINGTON PD,B1953288,MONROE,PERRY,BLOOMINGTON,1,0.0,1.0,0.0,0.0,410.0,COLLEGE MALL,RD,,,,S COLLEGE MALL,,,,,Y,,,,0.0,0.0,LOCAL/CITY RD,,N,N,URBAN,N,N,N,,DARK (LIGHTED),CLEAR,DRY,,T-INTERSECTION,STRAIGHT/LEVEL,ASPHALT,FAILURE TO YIELD RIGHT OF WAY,UNDER $1001,LEFT TURN,SOUTHCOLLEGEMALLRD,1,STOP SIGN,2019-12-23 21:22:00,
BLOOMINGTON PD,B1953482,MONROE,BLOOMINGTON,BLOOMINGTON,1,0.0,1.0,0.0,0.0,2819.0,E 3RD,ST,,,,E 3RD,,,,,Y,,,,39.16422546,-86.49655709,OTHER,,N,Y,URBAN,N,N,N,,DAYLIGHT,CLEAR,DRY,,NO JUNCTION INVOLVED,STRAIGHT/GRADE,ASPHALT,OTHER (DRIVER) - EXPLAIN IN NARRATIVE,UNDER $1001,OTHER - EXPLAIN IN NARRATIVE,E 3RDST,1,NONE,2019-12-26 09:25:00,
BLOOMINGTON PD,B2005769,MONROE,BLOOMINGTON,BLOOMINGTON,1,0.0,0.0,1.0,0.0,,WASHINGTON,ST,,,,WASHINGTON,3RD,,,,Y,,,,39.16464,-86.5324,LOCAL/CITY RD,Y,N,N,URBAN,N,N,N,,DARK (LIGHTED),CLEAR,DRY,,T-INTERSECTION,STRAIGHT/LEVEL,ASPHALT,FAILURE TO YIELD RIGHT OF WAY,UNDER $1001,RIGHT TURN,3RDSTWASHINGTONST,1,TRAFFIC CONTROL SIGNAL,2020-02-08 18:35:00,
BLOOMINGTON PD,B2025179,MONROE,BLOOMINGTON,BLOOMINGTON,1,0.0,1.0,0.0,0.0,,W 3RD,ST,,,,W 3RD,S MULLER,,,,Y,,,,39.1645,-86.5627,LOCAL/CITY RD,,N,N,URBAN,N,N,N,,DAYLIGHT,CLEAR,DRY,,T-INTERSECTION,STRAIGHT/GRADE,ASPHALT,FAILURE TO YIELD RIGHT OF WAY,UNDER $1001,COLLISION WITH OBJECT IN RD,SMULLERPKWYW 3RDST,1,NONE,2020-07-12 17:24:00,
BLOOMINGTON PD,B2035878,MONROE,BLOOMINGTON,BLOOMINGTON,1,0.0,1.0,0.0,0.0,301.0,E BROWNSTONE,DR,,,,E BROWNSTONE,,,,,Y,,,,,,LOCAL/CITY RD,,N,N,URBAN,N,N,N,,DARK (LIGHTED),CLEAR,DRY,,NO JUNCTION INVOLVED,STRAIGHT/GRADE,ASPHALT,LEFT OF CENTER,$1001 TO $2500,SAME DIRECTION SIDESWIPE,EBROWNSTONEDR,1,NONE,2020-10-04 01:09:00,
BLOOMINGTON PD,B2040275,MONROE,BLOOMINGTON,BLOOMINGTON,1,0.0,1.0,0.0,0.0,,N SMITH,RD,,,,N SMITH,800 N SMITH,,,,Y,,,,39.166432,-86.4812,LOCAL/CITY RD,,N,N,URBAN,N,N,N,,DAYLIGHT,CLEAR,DRY,,T-INTERSECTION,CURVE/GRADE,ASPHALT,PEDESTRIAN ACTION,$1001 TO $2500,LEFT TURN,800NSMITHRDNSMITHRD,1,NONE,2020-11-06 16:46:00,
BLOOMINGTON PD,B2045127,MONROE,BLOOMINGTON,BLOOMINGTON,1,0.0,0.0,1.0,0.0,,E 3RD,ST,,,,E 3RD,S PARK RIDGE,,,,Y,,,,39.16424,-86.476096,LOCAL/CITY RD,,N,N,URBAN,N,N,N,,DARK (NOT LIGHTED),CLOUDY,DRY,,NO JUNCTION INVOLVED,STRAIGHT/LEVEL,ASPHALT,PEDESTRIAN ACTION,$1001 TO $2500,COLLISION WITH OBJECT IN RD,E 3RDSTSPARKRIDGERD,1,NONE,2020-12-21 19:00:00,
BLOOMINGTON PD,B2118121,MONROE,BLOOMINGTON,BLOOMINGTON,1,0.0,1.0,0.0,0.0,,S CURRY,PK,,,,S CURRY,W 3RD,,,,Y,,,,39.164544,-86.560096,LOCAL/CITY RD,Y,N,N,URBAN,N,N,N,,DARK (LIGHTED),RAIN,WET,,NO JUNCTION INVOLVED,STRAIGHT/LEVEL,ASPHALT,PEDESTRIAN ACTION,$1001 TO $2500,COLLISION WITH OBJECT IN RD,SCURRYPKW 3RDST,1,TRAFFIC CONTROL SIGNAL,2021-06-02 03:50:00,
MONROE SD,M21A20357,MONROE,WASHINGTON,BLOOMINGTON,1,0.0,1.0,0.0,0.0,,W SIMPSON CHAPEL,RD,,,,W SIMPSON CHAPEL,W LAWSON,,,,N,,125.0,E,39.273216,-86.532176,LOCAL/CITY RD,,N,N,RURAL,N,N,N,,DAYLIGHT,CLEAR,DRY,,NO JUNCTION INVOLVED,STRAIGHT/HILLCREST,ASPHALT,PEDESTRIAN ACTION,UNDER $1001,OTHER - EXPLAIN IN NARRATIVE,WLAWSONRDWSIMPSONCHAPELRD,1,NONE,2021-07-23 18:01:00,
INDIANA UNIV BLOOMINGTON PD,214171,MONROE,BLOOMINGTON,BLOOMINGTON,1,0.0,1.0,0.0,0.0,,FEE,LN,,,,FEE,THIRTEENTH,,,,Y,,167.0,N,38.88206602,-86.4845865,LOCAL/CITY RD,,N,N,URBAN,N,N,N,,DARK (LIGHTED),CLOUDY,DRY,,NO JUNCTION INVOLVED,STRAIGHT/LEVEL,ASPHALT,PEDESTRIAN ACTION,UNDER $1001,RIGHT ANGLE,FEELNTHIRTEENTHST,1,NONE,2021-12-07 17:58:00,
BLOOMINGTON PD,B2145616,MONROE,BLOOMINGTON,BLOOMINGTON,1,0.0,1.0,0.0,0.0,,S DUNN,ST,,,,S DUNN,E KIRKWOOD,,,,Y,,,,39.16664,-86.528192,LOCAL/CITY RD,,N,N,URBAN,N,N,N,,DAYLIGHT,CLEAR,DRY,,NO JUNCTION INVOLVED,STRAIGHT/LEVEL,ASPHALT,FAILURE TO YIELD RIGHT OF WAY,$1001 TO $2500,LEFT/RIGHT TURN,EKIRKWOODAVESDUNNST,1,STOP SIGN,2021-12-20 15:03:00,
MONROE SD,M22A2806,MONROE,RICHLAND,BLOOMINGTON,1,,1.0,0.0,0.0,,W 3RD ST,,,,,W 3RD ST,SHERWOOD DR,,,,N,,739.0,,39.16468136,-86.58821022,ST RD,,,,RURAL,N,N,N,,DARK (NOT LIGHTED),CLEAR,DRY,,NO JUNCTION INVOLVED,,ASPHALT,PEDESTRIAN ACTION,$2501 TO $5000,OTHER - EXPLAIN IN NARRATIVE,W 3RDSTSHERWOODDR,1,,2022-02-05 18:47:00,
MONROE SD,M22A13695,MONROE,VAN BUREN,BLOOMINGTON,1,,0.0,1.0,0.0,,W AIRPORT RD,,,,,W AIRPORT RD,S KIRBY RD,,,,N,,1000.0,,39.13690607,-86.61518044,LOCAL/CITY RD,,,,RURAL,N,N,N,,DAWN/DUSK,CLEAR,DRY,,NO JUNCTION INVOLVED,,ASPHALT,DRIVER DISTRACTED - EXPLAIN IN NARRATIVE,$1001 TO $2500,RAN OFF RD,WAIRPORTRDSKIRBYRD,1,,2022-06-10 20:48:00,
BLOOMINGTON PD,B22-11614,MONROE,BLOOMINGTON,BLOOMINGTON,1,,1.0,0.0,0.0,,W ALLEN ST,,,,,W ALLEN ST,W ALLEN ST,,,,Y,,0.0,,39.15565739,-86.54425747,LOCAL/CITY RD,,,,URBAN,N,N,N,,DAYLIGHT,CLEAR,DRY,,NO JUNCTION INVOLVED,,ASPHALT,IMPROPER PASSING,$2501 TO $5000,OTHER - EXPLAIN IN NARRATIVE,WALLENSTWALLENST,1,,2022-04-04 17:05:00,
BLOOMINGTON PD,B22-34851,MONROE,PERRY,BLOOMINGTON,1,,1.0,0.0,0.0,,S MORTON ST,,,,,S MORTON ST,W 2ND ST,,,,Y,,0.0,,39.16139545,-86.53628971,,,,,URBAN,N,N,N,,DAYLIGHT,CLEAR,DRY,,T-INTERSECTION,,ASPHALT,FAILURE TO YIELD RIGHT OF WAY,$2501 TO $5000,OTHER - EXPLAIN IN NARRATIVE,W 2NDSTSMORTONST,1,,2022-09-01 16:40:00,
INDIANA UNIV BLOOMINGTON PD,230356,MONROE,BLOOMINGTON,BLOOMINGTON,1,,1.0,0.0,0.0,,E 17TH ST,,,,,E 17TH ST,N DUNN ST,,,,Y,,0.0,,39.17901798,-86.52834124,LOCAL/CITY RD,,,,URBAN,N,N,N,,DARK (LIGHTED),CLEAR,DRY,,FOUR-WAY INTERSECTION,,ASPHALT,PEDESTRIAN ACTION,$1001 TO $2500,RIGHT ANGLE,NDUNNSTE17THST,1,,2023-01-28 19:20:00,
INDIANA UNIV BLOOMINGTON PD,231291,MONROE,BLOOMINGTON,BLOOMINGTON,1,,1.0,0.0,0.0,,N EAGLESON AVE,,,,,N EAGLESON AVE,E LAW LN,,,,Y,,0.0,,39.1746474,-86.51475317,LOCAL/CITY RD,,,,URBAN,N,N,N,,DARK (NOT LIGHTED),CLOUDY,WET,,T-INTERSECTION,,ASPHALT,FAILURE TO YIELD RIGHT OF WAY,$5001 TO $10000,REAR END,NEAGLESON AVEAVEELAWLN,1,,2023-03-31 22:15:00,
BLOOMINGTON PD,B23-13516,MONROE,BLOOMINGTON,BLOOMINGTON,1,,1.0,0.0,0.0,,S WOODLAWN AVE,,,,,S WOODLAWN AVE,E GRIMES LN,,,,Y,,0.0,,39.15312764,-86.52265909,LOCAL/CITY RD,,,,URBAN,N,N,N,,DAYLIGHT,CLEAR,DRY,,T-INTERSECTION,,ASPHALT,IMPROPER TURNING,UNDER $1001,SAME DIRECTION SIDESWIPE,SWOODLAWNAVEEGRIMESLN,1,,2023-03-17 15:45:00,
BLOOMINGTON PD,B22-53625,MONROE,PERRY,BLOOMINGTON,1,,1.0,0.0,0.0,,1175 S COLLEGE MALL RD; KROGER,,,,,S COLLEGE MALL RD,,,,,Y,,0.0,,0.0,0.0,PRIVATE DR,,,,URBAN,N,N,N,,DAYLIGHT,CLEAR,WET,,NO JUNCTION INVOLVED,,ASPHALT,FAILURE TO YIELD RIGHT OF WAY,$5001 TO $10000,LEFT TURN,"1175SCOLLEGEMALLRD;KROGERJACKSONCREEKBLOOMINGTON,IN47401",1,,2022-12-28 10:37:00,1175
INDIANA UNIV BLOOMINGTON PD,231668,MONROE,BLOOMINGTON,BLOOMINGTON,1,,1.0,0.0,0.0,,N DUNN ST,,,,,N DUNN ST,E 19TH ST,,,,Y,,0.0,,39.18102229,-86.52831978,LOCAL/CITY RD,,,,URBAN,N,N,N,,DARK (LIGHTED),CLOUDY,DRY,,FOUR-WAY INTERSECTION,,ASPHALT,FAILURE TO YIELD RIGHT OF WAY,UNDER $1001,RIGHT ANGLE,NDUNNSTE19THST,1,,2023-04-22 15:40:00,
BLOOMINGTON PD,B23-01798,MONROE,BLOOMINGTON,BLOOMINGTON,1,,1.0,0.0,0.0,,W 3RD ST,,,,,W 3RD ST,S LIBERTY DR,,,,Y,,0.0,,39.16462024,-86.57915301,ST RD,,,,URBAN,N,N,N,,DAYLIGHT,CLOUDY,DRY,,FOUR-WAY INTERSECTION,,ASPHALT,FAILURE TO YIELD RIGHT OF WAY,UNDER $1001,COLLISION WITH OBJECT IN RD,W 3RDSTSLIBERTYDR,1,,2023-01-11 16:20:00,
BLOOMINGTON PD,B23-09698,MONROE,PERRY,BLOOMINGTON,1,,1.0,0.0,0.0,2800.0,E 3RD,,,,,E 3RD,,,,,Y,,0.0,,39.16206279,-86.49685211,PRIVATE DR,,,,URBAN,N,N,N,,DAYLIGHT,CLEAR,DRY,,T-INTERSECTION,,ASPHALT,IMPROPER TURNING,UNDER $1001,LEFT/RIGHT TURN,E 3RD,1,,2023-02-25 14:49:00,